id,normalized_id,signal_key,signal_value,signal_weight,created_at
1,1,CONTINUATION_FLOW,1,0.4,2026-01-19 14:49:17.330396+09
2,2,CONTINUATION_FLOW,1,0.4,2026-01-19 14:49:17.514776+09
3,3,CONTINUATION_FLOW,1,0.4,2026-01-19 15:18:38.563253+09
4,4,CONTINUATION_FLOW,1,0.4,2026-01-19 15:18:38.734829+09
5,5,CONTINUATION_FLOW,1,0.4,2026-01-19 15:18:38.906444+09
6,6,CONTINUATION_FLOW,1,0.4,2026-01-19 15:18:39.079107+09
7,7,CONTINUATION_FLOW,1,0.4,2026-01-19 15:18:39.250061+09
8,8,CONTINUATION_FLOW,1,0.4,2026-01-19 15:18:39.420698+09
9,9,CONTINUATION_FLOW,1,0.4,2026-01-19 15:47:00.851328+09
10,10,CONTINUATION_FLOW,1,0.4,2026-01-19 15:47:01.038111+09
11,11,CONTINUATION_FLOW,1,0.4,2026-01-19 15:47:01.224861+09
12,13,CONTINUATION_FLOW,1,0.4,2026-01-19 18:38:26.644454+09
13,14,CONTINUATION_FLOW,1,0.4,2026-01-19 18:38:26.78123+09
14,15,CONTINUATION_FLOW,1,0.4,2026-01-19 18:38:26.916883+09
15,17,CONTINUATION_FLOW,1,0.4,2026-01-19 18:38:27.05354+09
16,19,CONTINUATION_FLOW,1,0.4,2026-01-19 18:38:27.189215+09
17,21,CONTINUATION_FLOW,1,0.4,2026-01-19 18:38:27.324527+09
18,25,CONTINUATION_FLOW,1,0.4,2026-01-19 18:38:27.460122+09
19,26,CONTINUATION_FLOW,1,0.4,2026-01-19 18:38:27.595565+09
20,28,CONTINUATION_FLOW,1,0.4,2026-01-19 18:38:27.731475+09
21,30,CONTINUATION_FLOW,1,0.4,2026-01-19 18:38:27.867139+09
22,32,CONTINUATION_FLOW,1,0.4,2026-01-19 18:38:28.002738+09
23,34,CONTINUATION_FLOW,1,0.4,2026-01-19 18:38:28.138633+09
24,40,CONTINUATION_FLOW,1,0.4,2026-01-19 18:38:28.274165+09
25,42,CONTINUATION_FLOW,1,0.4,2026-01-19 18:38:28.409645+09
26,44,CONTINUATION_FLOW,1,0.4,2026-01-19 18:38:28.545+09
27,45,CONTINUATION_FLOW,1,0.4,2026-01-19 18:38:28.680674+09
28,51,CONTINUATION_FLOW,1,0.4,2026-01-19 18:38:28.816349+09
29,53,CONTINUATION_FLOW,1,0.4,2026-01-19 18:38:28.951806+09
30,55,CONTINUATION_FLOW,1,0.4,2026-01-19 18:38:29.087224+09
31,61,CONTINUATION_FLOW,1,0.4,2026-01-19 18:38:29.222787+09
32,62,CONTINUATION_FLOW,1,0.4,2026-01-19 18:38:29.358651+09
33,64,CONTINUATION_FLOW,1,0.4,2026-01-19 18:38:29.493834+09
34,70,CONTINUATION_FLOW,1,0.4,2026-01-19 18:38:29.629241+09
35,72,CONTINUATION_FLOW,1,0.4,2026-01-19 18:38:29.764533+09
36,74,CONTINUATION_FLOW,1,0.4,2026-01-19 18:38:29.900011+09
37,80,CONTINUATION_FLOW,1,0.4,2026-01-19 18:38:30.035914+09
38,81,CONTINUATION_FLOW,1,0.4,2026-01-19 18:38:30.171405+09
39,83,CONTINUATION_FLOW,1,0.4,2026-01-19 18:38:30.306788+09
40,81,CONTINUATION_FLOW,1,0.4,2026-01-19 18:38:30.315473+09
41,89,CONTINUATION_FLOW,1,0.4,2026-01-19 18:38:30.442352+09
42,83,CONTINUATION_FLOW,1,0.4,2026-01-19 18:38:30.468117+09
43,91,CONTINUATION_FLOW,1,0.4,2026-01-19 18:38:30.577904+09
44,89,CONTINUATION_FLOW,1,0.4,2026-01-19 18:38:30.620509+09
45,93,CONTINUATION_FLOW,1,0.4,2026-01-19 18:38:30.713682+09
46,91,CONTINUATION_FLOW,1,0.4,2026-01-19 18:38:30.772971+09
47,99,CONTINUATION_FLOW,1,0.4,2026-01-19 18:38:30.850789+09
48,93,CONTINUATION_FLOW,1,0.4,2026-01-19 18:38:30.925339+09
49,100,CONTINUATION_FLOW,1,0.4,2026-01-19 18:38:30.986107+09
50,99,CONTINUATION_FLOW,1,0.4,2026-01-19 18:38:31.078082+09
51,102,CONTINUATION_FLOW,1,0.4,2026-01-19 18:38:31.12158+09
52,100,CONTINUATION_FLOW,1,0.4,2026-01-19 18:38:31.230587+09
53,104,CONTINUATION_FLOW,1,0.4,2026-01-19 18:38:31.257141+09
54,102,CONTINUATION_FLOW,1,0.4,2026-01-19 18:38:31.383515+09
55,110,CONTINUATION_FLOW,1,0.4,2026-01-19 18:38:31.392538+09
56,112,CONTINUATION_FLOW,1,0.4,2026-01-19 18:38:31.52828+09
57,104,CONTINUATION_FLOW,1,0.4,2026-01-19 18:38:31.535953+09
58,114,CONTINUATION_FLOW,1,0.4,2026-01-19 18:38:31.663651+09
59,110,CONTINUATION_FLOW,1,0.4,2026-01-19 18:38:31.688488+09
60,119,CONTINUATION_FLOW,1,0.4,2026-01-19 18:38:31.799385+09
61,112,CONTINUATION_FLOW,1,0.4,2026-01-19 18:38:31.840804+09
62,121,CONTINUATION_FLOW,1,0.4,2026-01-19 18:38:31.934892+09
63,114,CONTINUATION_FLOW,1,0.4,2026-01-19 18:38:31.993374+09
64,123,CONTINUATION_FLOW,1,0.4,2026-01-19 18:38:32.070522+09
65,119,CONTINUATION_FLOW,1,0.4,2026-01-19 18:38:32.145648+09
66,129,CONTINUATION_FLOW,1,0.4,2026-01-19 18:38:32.206032+09
67,121,CONTINUATION_FLOW,1,0.4,2026-01-19 18:38:32.298253+09
68,131,CONTINUATION_FLOW,1,0.4,2026-01-19 18:38:32.34137+09
69,123,CONTINUATION_FLOW,1,0.4,2026-01-19 18:38:32.45045+09
70,133,CONTINUATION_FLOW,1,0.4,2026-01-19 18:38:32.476682+09
71,129,CONTINUATION_FLOW,1,0.4,2026-01-19 18:38:32.602809+09
72,138,CONTINUATION_FLOW,1,0.4,2026-01-19 18:38:32.612249+09
73,140,CONTINUATION_FLOW,1,0.4,2026-01-19 18:38:32.74769+09
74,131,CONTINUATION_FLOW,1,0.4,2026-01-19 18:38:32.75557+09
75,142,CONTINUATION_FLOW,1,0.4,2026-01-19 18:38:32.883145+09
76,133,CONTINUATION_FLOW,1,0.4,2026-01-19 18:38:32.908111+09
77,148,CONTINUATION_FLOW,1,0.4,2026-01-19 18:38:33.018432+09
78,138,CONTINUATION_FLOW,1,0.4,2026-01-19 18:38:33.060525+09
79,150,CONTINUATION_FLOW,1,0.4,2026-01-19 18:38:33.153695+09
80,140,CONTINUATION_FLOW,1,0.4,2026-01-19 18:38:33.213039+09
81,152,CONTINUATION_FLOW,1,0.4,2026-01-19 18:38:33.288932+09
82,142,CONTINUATION_FLOW,1,0.4,2026-01-19 18:38:33.365371+09
83,157,CONTINUATION_FLOW,1,0.4,2026-01-19 18:38:33.424372+09
84,148,CONTINUATION_FLOW,1,0.4,2026-01-19 18:38:33.517859+09
85,159,CONTINUATION_FLOW,1,0.4,2026-01-19 18:38:33.559801+09
86,150,CONTINUATION_FLOW,1,0.4,2026-01-19 18:38:33.671214+09
87,161,CONTINUATION_FLOW,1,0.4,2026-01-19 18:38:33.695502+09
88,152,CONTINUATION_FLOW,1,0.4,2026-01-19 18:38:33.823925+09
89,167,CONTINUATION_FLOW,1,0.4,2026-01-19 18:38:33.831205+09
90,169,CONTINUATION_FLOW,1,0.4,2026-01-19 18:38:33.967263+09
91,157,CONTINUATION_FLOW,1,0.4,2026-01-19 18:38:33.97639+09
92,171,CONTINUATION_FLOW,1,0.4,2026-01-19 18:38:34.10276+09
93,159,CONTINUATION_FLOW,1,0.4,2026-01-19 18:38:34.128903+09
94,176,CONTINUATION_FLOW,1,0.4,2026-01-19 18:38:34.238157+09
95,161,CONTINUATION_FLOW,1,0.4,2026-01-19 18:38:34.281796+09
96,178,CONTINUATION_FLOW,1,0.4,2026-01-19 18:38:34.373539+09
97,167,CONTINUATION_FLOW,1,0.4,2026-01-19 18:38:34.434057+09
98,180,CONTINUATION_FLOW,1,0.4,2026-01-19 18:38:34.509297+09
99,169,CONTINUATION_FLOW,1,0.4,2026-01-19 18:38:34.586523+09
100,186,CONTINUATION_FLOW,1,0.4,2026-01-19 18:38:34.644797+09
101,171,CONTINUATION_FLOW,1,0.4,2026-01-19 18:38:34.73885+09
102,188,CONTINUATION_FLOW,1,0.4,2026-01-19 18:38:34.780669+09
103,176,CONTINUATION_FLOW,1,0.4,2026-01-19 18:38:34.891751+09
104,189,CONTINUATION_FLOW,1,0.4,2026-01-19 18:38:34.916374+09
105,178,CONTINUATION_FLOW,1,0.4,2026-01-19 18:38:35.044262+09
106,195,CONTINUATION_FLOW,1,0.4,2026-01-19 18:38:35.051641+09
107,197,CONTINUATION_FLOW,1,0.4,2026-01-19 18:38:35.186817+09
108,180,CONTINUATION_FLOW,1,0.4,2026-01-19 18:38:35.196814+09
109,199,CONTINUATION_FLOW,1,0.4,2026-01-19 18:38:35.322449+09
110,186,CONTINUATION_FLOW,1,0.4,2026-01-19 18:38:35.349385+09
111,205,CONTINUATION_FLOW,1,0.4,2026-01-19 18:38:35.458032+09
112,188,CONTINUATION_FLOW,1,0.4,2026-01-19 18:38:35.501886+09
113,207,CONTINUATION_FLOW,1,0.4,2026-01-19 18:38:35.59341+09
114,189,CONTINUATION_FLOW,1,0.4,2026-01-19 18:38:35.65471+09
115,208,CONTINUATION_FLOW,1,0.4,2026-01-19 18:38:35.728761+09
116,195,CONTINUATION_FLOW,1,0.4,2026-01-19 18:38:35.807199+09
117,214,CONTINUATION_FLOW,1,0.4,2026-01-19 18:38:35.864337+09
118,197,CONTINUATION_FLOW,1,0.4,2026-01-19 18:38:35.960144+09
119,216,CONTINUATION_FLOW,1,0.4,2026-01-19 18:38:35.99976+09
120,199,CONTINUATION_FLOW,1,0.4,2026-01-19 18:38:36.112589+09
121,218,CONTINUATION_FLOW,1,0.4,2026-01-19 18:38:36.135058+09
122,205,CONTINUATION_FLOW,1,0.4,2026-01-19 18:38:36.265284+09
123,224,CONTINUATION_FLOW,1,0.4,2026-01-19 18:38:36.27084+09
124,225,CONTINUATION_FLOW,1,0.4,2026-01-19 18:38:36.406729+09
125,207,CONTINUATION_FLOW,1,0.4,2026-01-19 18:38:36.417852+09
126,227,CONTINUATION_FLOW,1,0.4,2026-01-19 18:38:36.542404+09
127,208,CONTINUATION_FLOW,1,0.4,2026-01-19 18:38:36.57055+09
128,233,CONTINUATION_FLOW,1,0.4,2026-01-19 18:38:36.677826+09
129,214,CONTINUATION_FLOW,1,0.4,2026-01-19 18:38:36.72309+09
130,235,CONTINUATION_FLOW,1,0.4,2026-01-19 18:38:36.813245+09
131,216,CONTINUATION_FLOW,1,0.4,2026-01-19 18:38:36.875624+09
132,237,CONTINUATION_FLOW,1,0.4,2026-01-19 18:38:36.948808+09
133,218,CONTINUATION_FLOW,1,0.4,2026-01-19 18:38:37.027978+09
134,243,CONTINUATION_FLOW,1,0.4,2026-01-19 18:38:37.084191+09
135,224,CONTINUATION_FLOW,1,0.4,2026-01-19 18:38:37.180435+09
136,244,CONTINUATION_FLOW,1,0.4,2026-01-19 18:38:37.219778+09
137,225,CONTINUATION_FLOW,1,0.4,2026-01-19 18:38:37.332865+09
138,246,CONTINUATION_FLOW,1,0.4,2026-01-19 18:38:37.354982+09
139,227,CONTINUATION_FLOW,1,0.4,2026-01-19 18:38:37.485587+09
140,252,CONTINUATION_FLOW,1,0.4,2026-01-19 18:38:37.491249+09
141,254,CONTINUATION_FLOW,1,0.4,2026-01-19 18:38:37.626703+09
142,233,CONTINUATION_FLOW,1,0.4,2026-01-19 18:38:37.638584+09
143,256,CONTINUATION_FLOW,1,0.4,2026-01-19 18:38:37.761998+09
144,235,CONTINUATION_FLOW,1,0.4,2026-01-19 18:38:37.79093+09
145,261,CONTINUATION_FLOW,1,0.4,2026-01-19 18:38:37.897466+09
146,237,CONTINUATION_FLOW,1,0.4,2026-01-19 18:38:37.943615+09
147,263,CONTINUATION_FLOW,1,0.4,2026-01-19 18:38:38.033026+09
148,243,CONTINUATION_FLOW,1,0.4,2026-01-19 18:38:38.096042+09
149,265,CONTINUATION_FLOW,1,0.4,2026-01-19 18:38:38.168258+09
150,244,CONTINUATION_FLOW,1,0.4,2026-01-19 18:38:38.248367+09
151,271,CONTINUATION_FLOW,1,0.4,2026-01-19 18:38:38.303792+09
152,246,CONTINUATION_FLOW,1,0.4,2026-01-19 18:38:38.400763+09
153,273,CONTINUATION_FLOW,1,0.4,2026-01-19 18:38:38.43934+09
154,252,CONTINUATION_FLOW,1,0.4,2026-01-19 18:38:38.553673+09
155,275,CONTINUATION_FLOW,1,0.4,2026-01-19 18:38:38.57496+09
156,254,CONTINUATION_FLOW,1,0.4,2026-01-19 18:38:38.706435+09
157,280,CONTINUATION_FLOW,1,0.4,2026-01-19 18:38:38.710657+09
158,282,CONTINUATION_FLOW,1,0.4,2026-01-19 18:38:38.846128+09
159,256,CONTINUATION_FLOW,1,0.4,2026-01-19 18:38:38.859769+09
160,284,CONTINUATION_FLOW,1,0.4,2026-01-19 18:38:38.981962+09
161,261,CONTINUATION_FLOW,1,0.4,2026-01-19 18:38:39.012257+09
162,290,CONTINUATION_FLOW,1,0.4,2026-01-19 18:38:39.117426+09
163,263,CONTINUATION_FLOW,1,0.4,2026-01-19 18:38:39.164663+09
164,292,CONTINUATION_FLOW,1,0.4,2026-01-19 18:38:39.252808+09
165,265,CONTINUATION_FLOW,1,0.4,2026-01-19 18:38:39.316992+09
166,294,CONTINUATION_FLOW,1,0.4,2026-01-19 18:38:39.38808+09
167,271,CONTINUATION_FLOW,1,0.4,2026-01-19 18:38:39.46957+09
168,299,CONTINUATION_FLOW,1,0.4,2026-01-19 18:38:39.523607+09
169,273,CONTINUATION_FLOW,1,0.4,2026-01-19 18:38:39.622096+09
170,301,CONTINUATION_FLOW,1,0.4,2026-01-19 18:38:39.659215+09
171,275,CONTINUATION_FLOW,1,0.4,2026-01-19 18:38:39.774559+09
172,303,CONTINUATION_FLOW,1,0.4,2026-01-19 18:38:39.794626+09
173,280,CONTINUATION_FLOW,1,0.4,2026-01-19 18:38:39.927147+09
174,309,CONTINUATION_FLOW,1,0.4,2026-01-19 18:38:39.930182+09
175,311,CONTINUATION_FLOW,1,0.4,2026-01-19 18:38:40.069581+09
176,282,CONTINUATION_FLOW,1,0.4,2026-01-19 18:38:40.079893+09
177,313,CONTINUATION_FLOW,1,0.4,2026-01-19 18:38:40.205253+09
178,284,CONTINUATION_FLOW,1,0.4,2026-01-19 18:38:40.232517+09
179,318,CONTINUATION_FLOW,1,0.4,2026-01-19 18:38:40.340678+09
180,290,CONTINUATION_FLOW,1,0.4,2026-01-19 18:38:40.384883+09
181,320,CONTINUATION_FLOW,1,0.4,2026-01-19 18:38:40.476071+09
182,292,CONTINUATION_FLOW,1,0.4,2026-01-19 18:38:40.537456+09
183,322,CONTINUATION_FLOW,1,0.4,2026-01-19 18:38:40.611417+09
184,294,CONTINUATION_FLOW,1,0.4,2026-01-19 18:38:40.689917+09
185,328,CONTINUATION_FLOW,1,0.4,2026-01-19 18:38:40.746976+09
186,299,CONTINUATION_FLOW,1,0.4,2026-01-19 18:38:40.842605+09
187,330,CONTINUATION_FLOW,1,0.4,2026-01-19 18:38:40.882439+09
188,301,CONTINUATION_FLOW,1,0.4,2026-01-19 18:38:40.995537+09
189,332,CONTINUATION_FLOW,1,0.4,2026-01-19 18:38:41.017801+09
190,303,CONTINUATION_FLOW,1,0.4,2026-01-19 18:38:41.148083+09
191,337,CONTINUATION_FLOW,1,0.4,2026-01-19 18:38:41.152959+09
192,339,CONTINUATION_FLOW,1,0.4,2026-01-19 18:38:41.288646+09
193,309,CONTINUATION_FLOW,1,0.4,2026-01-19 18:38:41.300528+09
194,341,CONTINUATION_FLOW,1,0.4,2026-01-19 18:38:41.424233+09
195,311,CONTINUATION_FLOW,1,0.4,2026-01-19 18:38:41.452898+09
196,347,CONTINUATION_FLOW,1,0.4,2026-01-19 18:38:41.559789+09
197,313,CONTINUATION_FLOW,1,0.4,2026-01-19 18:38:41.605562+09
198,349,CONTINUATION_FLOW,1,0.4,2026-01-19 18:38:41.695317+09
199,318,CONTINUATION_FLOW,1,0.4,2026-01-19 18:38:41.758177+09
200,351,CONTINUATION_FLOW,1,0.4,2026-01-19 18:38:41.830759+09
201,320,CONTINUATION_FLOW,1,0.4,2026-01-19 18:38:41.910686+09
202,356,CONTINUATION_FLOW,1,0.4,2026-01-19 18:38:41.966451+09
203,322,CONTINUATION_FLOW,1,0.4,2026-01-19 18:38:42.064054+09
204,358,CONTINUATION_FLOW,1,0.4,2026-01-19 18:38:42.101877+09
205,328,CONTINUATION_FLOW,1,0.4,2026-01-19 18:38:42.216521+09
206,364,CONTINUATION_FLOW,1,0.4,2026-01-19 18:38:42.237676+09
207,330,CONTINUATION_FLOW,1,0.4,2026-01-19 18:38:42.369192+09
208,366,CONTINUATION_FLOW,1,0.4,2026-01-19 18:38:42.373329+09
209,368,CONTINUATION_FLOW,1,0.4,2026-01-19 18:38:42.508859+09
210,332,CONTINUATION_FLOW,1,0.4,2026-01-19 18:38:42.521652+09
211,373,CONTINUATION_FLOW,1,0.4,2026-01-19 18:38:42.644321+09
212,337,CONTINUATION_FLOW,1,0.4,2026-01-19 18:38:42.674072+09
213,375,CONTINUATION_FLOW,1,0.4,2026-01-19 18:38:42.779885+09
214,339,CONTINUATION_FLOW,1,0.4,2026-01-19 18:38:42.826671+09
215,377,CONTINUATION_FLOW,1,0.4,2026-01-19 18:38:42.915536+09
216,341,CONTINUATION_FLOW,1,0.4,2026-01-19 18:38:42.978964+09
217,383,CONTINUATION_FLOW,1,0.4,2026-01-19 18:38:43.051136+09
218,347,CONTINUATION_FLOW,1,0.4,2026-01-19 18:38:43.131567+09
219,385,CONTINUATION_FLOW,1,0.4,2026-01-19 18:38:43.186781+09
220,349,CONTINUATION_FLOW,1,0.4,2026-01-19 18:38:43.285134+09
221,387,CONTINUATION_FLOW,1,0.4,2026-01-19 18:38:43.322247+09
222,351,CONTINUATION_FLOW,1,0.4,2026-01-19 18:38:43.437582+09
223,392,CONTINUATION_FLOW,1,0.4,2026-01-19 18:38:43.459065+09
224,356,CONTINUATION_FLOW,1,0.4,2026-01-19 18:38:43.590469+09
225,394,CONTINUATION_FLOW,1,0.4,2026-01-19 18:38:43.594532+09
226,396,CONTINUATION_FLOW,1,0.4,2026-01-19 18:38:43.730081+09
227,358,CONTINUATION_FLOW,1,0.4,2026-01-19 18:38:43.743003+09
228,402,CONTINUATION_FLOW,1,0.4,2026-01-19 18:38:43.865575+09
229,364,CONTINUATION_FLOW,1,0.4,2026-01-19 18:38:43.895426+09
230,404,CONTINUATION_FLOW,1,0.4,2026-01-19 18:38:44.001175+09
231,366,CONTINUATION_FLOW,1,0.4,2026-01-19 18:38:44.048329+09
232,405,CONTINUATION_FLOW,1,0.4,2026-01-19 18:38:44.137274+09
233,368,CONTINUATION_FLOW,1,0.4,2026-01-19 18:38:44.20068+09
234,373,CONTINUATION_FLOW,1,0.4,2026-01-19 18:38:44.353361+09
235,375,CONTINUATION_FLOW,1,0.4,2026-01-19 18:38:44.505714+09
236,377,CONTINUATION_FLOW,1,0.4,2026-01-19 18:38:44.657953+09
237,383,CONTINUATION_FLOW,1,0.4,2026-01-19 18:38:44.810386+09
238,385,CONTINUATION_FLOW,1,0.4,2026-01-19 18:38:44.96293+09
239,387,CONTINUATION_FLOW,1,0.4,2026-01-19 18:38:45.115358+09
240,392,CONTINUATION_FLOW,1,0.4,2026-01-19 18:38:45.267767+09
241,394,CONTINUATION_FLOW,1,0.4,2026-01-19 18:38:45.420297+09
242,396,CONTINUATION_FLOW,1,0.4,2026-01-19 18:38:45.572657+09
243,402,CONTINUATION_FLOW,1,0.4,2026-01-19 18:38:45.725521+09
244,404,CONTINUATION_FLOW,1,0.4,2026-01-19 18:38:45.877934+09
245,405,CONTINUATION_FLOW,1,0.4,2026-01-19 18:38:46.030338+09
246,433,CONTINUATION_FLOW,1,0.4,2026-01-19 21:02:26.672331+09
247,434,CONTINUATION_FLOW,1,0.4,2026-01-19 21:02:26.850325+09
248,435,CONTINUATION_FLOW,1,0.4,2026-01-19 21:02:27.02737+09
249,438,CONTINUATION_FLOW,1,0.4,2026-01-19 21:02:27.20438+09
250,439,CONTINUATION_FLOW,1,0.4,2026-01-19 21:02:27.382099+09
251,440,CONTINUATION_FLOW,1,0.4,2026-01-19 21:02:27.559242+09
252,443,CONTINUATION_FLOW,1,0.4,2026-01-19 21:02:27.736562+09
253,444,CONTINUATION_FLOW,1,0.4,2026-01-19 21:02:27.913493+09
254,447,CONTINUATION_FLOW,1,0.4,2026-01-19 21:02:28.090449+09
255,448,CONTINUATION_FLOW,1,0.4,2026-01-19 21:02:28.267955+09
256,449,CONTINUATION_FLOW,1,0.4,2026-01-19 21:02:28.444899+09
257,452,CONTINUATION_FLOW,1,0.4,2026-01-19 21:02:28.621787+09
258,453,CONTINUATION_FLOW,1,0.4,2026-01-19 21:02:28.798808+09
259,454,CONTINUATION_FLOW,1,0.4,2026-01-19 21:02:28.976336+09
260,457,CONTINUATION_FLOW,1,0.4,2026-01-19 21:02:29.153303+09
261,458,CONTINUATION_FLOW,1,0.4,2026-01-19 21:02:29.330685+09
262,459,CONTINUATION_FLOW,1,0.4,2026-01-19 21:02:29.507677+09
263,462,CONTINUATION_FLOW,1,0.4,2026-01-19 21:02:29.684731+09
264,463,CONTINUATION_FLOW,1,0.4,2026-01-19 21:02:29.861927+09
265,464,CONTINUATION_FLOW,1,0.4,2026-01-19 21:02:30.038705+09
266,467,CONTINUATION_FLOW,1,0.4,2026-01-19 21:02:30.215945+09
267,468,CONTINUATION_FLOW,1,0.4,2026-01-19 21:02:30.393747+09
268,469,CONTINUATION_FLOW,1,0.4,2026-01-19 21:02:30.57243+09
269,472,CONTINUATION_FLOW,1,0.4,2026-01-20 00:04:17.534056+09
270,473,CONTINUATION_FLOW,1,0.4,2026-01-20 00:04:17.697062+09
271,474,CONTINUATION_FLOW,1,0.4,2026-01-20 00:04:17.859264+09
272,477,CONTINUATION_FLOW,1,0.4,2026-01-20 00:04:18.021462+09
273,478,CONTINUATION_FLOW,1,0.4,2026-01-20 00:04:18.183602+09
274,479,CONTINUATION_FLOW,1,0.4,2026-01-20 00:04:18.34574+09
275,482,CONTINUATION_FLOW,1,0.4,2026-01-20 00:04:18.507973+09
276,483,CONTINUATION_FLOW,1,0.4,2026-01-20 00:04:18.669964+09
277,484,CONTINUATION_FLOW,1,0.4,2026-01-20 00:04:18.832144+09
278,485,CONTINUATION_FLOW,1,0.4,2026-01-20 00:04:18.994326+09
279,486,CONTINUATION_FLOW,1,0.4,2026-01-20 00:04:19.156286+09
280,487,CONTINUATION_FLOW,1,0.4,2026-01-20 00:04:19.318405+09
281,490,CONTINUATION_FLOW,1,0.4,2026-01-20 00:04:19.480934+09
282,491,CONTINUATION_FLOW,1,0.4,2026-01-20 00:04:19.643391+09
283,492,CONTINUATION_FLOW,1,0.4,2026-01-20 00:04:19.805638+09
284,495,CONTINUATION_FLOW,1,0.4,2026-01-20 00:04:19.967643+09
285,496,CONTINUATION_FLOW,1,0.4,2026-01-20 00:04:20.129706+09
286,497,CONTINUATION_FLOW,1,0.4,2026-01-20 00:04:20.291771+09
287,500,CONTINUATION_FLOW,1,0.4,2026-01-20 00:04:20.454039+09
288,501,CONTINUATION_FLOW,1,0.4,2026-01-20 00:04:20.616099+09
289,502,CONTINUATION_FLOW,1,0.4,2026-01-20 00:04:20.778327+09
290,505,CONTINUATION_FLOW,1,0.4,2026-01-20 00:04:20.940366+09
291,506,CONTINUATION_FLOW,1,0.4,2026-01-20 00:04:21.102497+09
292,507,CONTINUATION_FLOW,1,0.4,2026-01-20 00:04:21.264743+09
293,508,CONTINUATION_FLOW,1,0.4,2026-01-20 00:04:21.42699+09
294,509,CONTINUATION_FLOW,1,0.4,2026-01-20 00:04:21.589022+09
295,510,CONTINUATION_FLOW,1,0.4,2026-01-20 00:04:21.751052+09
296,513,CONTINUATION_FLOW,1,0.4,2026-01-20 00:04:21.913401+09
297,514,CONTINUATION_FLOW,1,0.4,2026-01-20 00:04:22.075513+09
298,515,CONTINUATION_FLOW,1,0.4,2026-01-20 00:04:22.237532+09
299,518,CONTINUATION_FLOW,1,0.4,2026-01-20 00:04:22.399772+09
300,519,CONTINUATION_FLOW,1,0.4,2026-01-20 00:04:22.562175+09
301,520,CONTINUATION_FLOW,1,0.4,2026-01-20 00:04:22.724211+09
302,523,CONTINUATION_FLOW,1,0.4,2026-01-20 00:04:22.886477+09
303,524,CONTINUATION_FLOW,1,0.4,2026-01-20 00:04:23.048477+09
304,525,CONTINUATION_FLOW,1,0.4,2026-01-20 00:04:23.210685+09
305,528,CONTINUATION_FLOW,1,0.4,2026-01-20 00:04:23.37286+09
306,529,CONTINUATION_FLOW,1,0.4,2026-01-20 00:04:23.534991+09
307,530,CONTINUATION_FLOW,1,0.4,2026-01-20 00:04:23.697296+09
308,533,CONTINUATION_FLOW,1,0.4,2026-01-20 00:04:23.859341+09
309,534,CONTINUATION_FLOW,1,0.4,2026-01-20 00:04:24.02137+09
310,535,CONTINUATION_FLOW,1,0.4,2026-01-20 00:04:24.18346+09
311,538,CONTINUATION_FLOW,1,0.4,2026-01-20 00:04:24.345435+09
312,539,CONTINUATION_FLOW,1,0.4,2026-01-20 00:04:24.507873+09
313,540,CONTINUATION_FLOW,1,0.4,2026-01-20 00:04:24.670049+09
314,543,CONTINUATION_FLOW,1,0.4,2026-01-20 00:04:24.832169+09
315,544,CONTINUATION_FLOW,1,0.4,2026-01-20 00:04:24.994472+09
316,545,CONTINUATION_FLOW,1,0.4,2026-01-20 00:04:25.15645+09
317,548,CONTINUATION_FLOW,1,0.4,2026-01-20 00:04:25.318674+09
318,549,CONTINUATION_FLOW,1,0.4,2026-01-20 00:04:25.480893+09
319,550,CONTINUATION_FLOW,1,0.4,2026-01-20 00:04:25.643084+09
320,553,CONTINUATION_FLOW,1,0.4,2026-01-20 00:04:25.805497+09
321,554,CONTINUATION_FLOW,1,0.4,2026-01-20 00:04:25.968188+09
322,555,CONTINUATION_FLOW,1,0.4,2026-01-20 00:04:26.130066+09
323,558,CONTINUATION_FLOW,1,0.4,2026-01-20 00:04:26.292092+09
324,559,CONTINUATION_FLOW,1,0.4,2026-01-20 00:04:26.45459+09
325,560,CONTINUATION_FLOW,1,0.4,2026-01-20 00:04:26.616703+09
326,563,CONTINUATION_FLOW,1,0.4,2026-01-20 00:04:26.778801+09
327,564,CONTINUATION_FLOW,1,0.4,2026-01-20 00:04:26.941382+09
328,565,CONTINUATION_FLOW,1,0.4,2026-01-20 00:04:27.103422+09
329,568,CONTINUATION_FLOW,1,0.4,2026-01-20 00:04:27.265398+09
330,569,CONTINUATION_FLOW,1,0.4,2026-01-20 00:04:27.427648+09
331,570,CONTINUATION_FLOW,1,0.4,2026-01-20 00:04:27.589788+09
332,573,CONTINUATION_FLOW,1,0.4,2026-01-20 00:04:27.752051+09
333,574,CONTINUATION_FLOW,1,0.4,2026-01-20 00:04:27.914029+09
334,575,CONTINUATION_FLOW,1,0.4,2026-01-20 00:04:28.076387+09
335,578,CONTINUATION_FLOW,1,0.4,2026-01-20 00:04:28.238541+09
336,579,CONTINUATION_FLOW,1,0.4,2026-01-20 00:04:28.400529+09
337,580,CONTINUATION_FLOW,1,0.4,2026-01-20 00:04:28.562561+09
338,581,CONTINUATION_FLOW,1,0.4,2026-01-20 00:04:28.724674+09
339,582,CONTINUATION_FLOW,1,0.4,2026-01-20 00:04:28.886627+09
340,585,CONTINUATION_FLOW,1,0.4,2026-01-20 00:04:29.048509+09
341,586,CONTINUATION_FLOW,1,0.4,2026-01-20 00:04:29.210539+09
342,587,CONTINUATION_FLOW,1,0.4,2026-01-20 00:04:29.372897+09
343,590,CONTINUATION_FLOW,1,0.4,2026-01-20 00:04:29.535072+09
344,591,CONTINUATION_FLOW,1,0.4,2026-01-20 00:04:29.697122+09
345,592,CONTINUATION_FLOW,1,0.4,2026-01-20 00:04:29.859238+09
346,595,CONTINUATION_FLOW,1,0.4,2026-01-20 18:41:15.625527+09
347,596,CONTINUATION_FLOW,1,0.4,2026-01-20 18:41:15.792592+09
348,597,CONTINUATION_FLOW,1,0.4,2026-01-20 18:41:15.959229+09
349,600,CONTINUATION_FLOW,1,0.4,2026-01-20 18:41:16.12578+09
350,601,CONTINUATION_FLOW,1,0.4,2026-01-20 18:41:16.292431+09
351,602,CONTINUATION_FLOW,1,0.4,2026-01-20 18:41:16.459221+09
352,605,CONTINUATION_FLOW,1,0.4,2026-01-20 18:41:16.625795+09
353,606,CONTINUATION_FLOW,1,0.4,2026-01-20 18:41:16.792384+09
354,607,CONTINUATION_FLOW,1,0.4,2026-01-20 18:41:16.959008+09
355,610,CONTINUATION_FLOW,1,0.4,2026-01-20 18:41:17.125409+09
356,611,CONTINUATION_FLOW,1,0.4,2026-01-20 18:41:17.291754+09
357,612,CONTINUATION_FLOW,1,0.4,2026-01-20 18:41:17.458211+09
358,615,CONTINUATION_FLOW,1,0.4,2026-01-20 18:41:17.624654+09
359,616,CONTINUATION_FLOW,1,0.4,2026-01-20 18:41:17.790946+09
360,617,CONTINUATION_FLOW,1,0.4,2026-01-20 18:41:17.957216+09
361,620,CONTINUATION_FLOW,1,0.4,2026-01-20 18:41:18.12348+09
362,621,CONTINUATION_FLOW,1,0.4,2026-01-20 18:41:18.289829+09
363,622,CONTINUATION_FLOW,1,0.4,2026-01-20 18:41:18.45614+09
364,625,CONTINUATION_FLOW,1,0.4,2026-01-20 18:41:18.622857+09
365,626,CONTINUATION_FLOW,1,0.4,2026-01-20 18:41:18.789299+09
366,627,CONTINUATION_FLOW,1,0.4,2026-01-20 18:41:18.955788+09
367,630,CONTINUATION_FLOW,1,0.4,2026-01-20 18:41:19.121994+09
368,631,CONTINUATION_FLOW,1,0.4,2026-01-20 18:41:19.288586+09
369,632,CONTINUATION_FLOW,1,0.4,2026-01-20 18:41:19.455237+09
370,635,CONTINUATION_FLOW,1,0.4,2026-01-20 18:41:19.621693+09
371,636,CONTINUATION_FLOW,1,0.4,2026-01-20 18:41:19.788201+09
372,637,CONTINUATION_FLOW,1,0.4,2026-01-20 18:41:19.954611+09
373,640,CONTINUATION_FLOW,1,0.4,2026-01-20 18:41:20.121413+09
374,641,CONTINUATION_FLOW,1,0.4,2026-01-20 18:41:20.287765+09
375,642,CONTINUATION_FLOW,1,0.4,2026-01-20 18:41:20.453962+09
376,645,CONTINUATION_FLOW,1,0.4,2026-01-20 18:41:20.620524+09
377,646,CONTINUATION_FLOW,1,0.4,2026-01-20 18:41:20.786902+09
378,647,CONTINUATION_FLOW,1,0.4,2026-01-20 18:41:20.953304+09
379,650,CONTINUATION_FLOW,1,0.4,2026-01-20 18:41:21.119993+09
380,651,CONTINUATION_FLOW,1,0.4,2026-01-20 18:41:21.286278+09
381,652,CONTINUATION_FLOW,1,0.4,2026-01-20 18:41:21.452783+09
382,655,CONTINUATION_FLOW,1,0.4,2026-01-20 18:41:21.619475+09
383,656,CONTINUATION_FLOW,1,0.4,2026-01-20 18:41:21.785742+09
384,657,CONTINUATION_FLOW,1,0.4,2026-01-20 18:41:21.952314+09
385,660,CONTINUATION_FLOW,1,0.4,2026-01-20 18:41:22.118704+09
386,661,CONTINUATION_FLOW,1,0.4,2026-01-20 18:41:22.284981+09
387,662,CONTINUATION_FLOW,1,0.4,2026-01-20 18:41:22.45163+09
388,665,CONTINUATION_FLOW,1,0.4,2026-01-20 18:41:22.618204+09
389,666,CONTINUATION_FLOW,1,0.4,2026-01-20 18:41:22.784744+09
390,667,CONTINUATION_FLOW,1,0.4,2026-01-20 18:41:22.951295+09
391,670,CONTINUATION_FLOW,1,0.4,2026-01-20 18:41:23.117549+09
392,671,CONTINUATION_FLOW,1,0.4,2026-01-20 18:41:23.283802+09
393,672,CONTINUATION_FLOW,1,0.4,2026-01-20 18:41:23.450219+09
394,675,CONTINUATION_FLOW,1,0.4,2026-01-20 18:41:23.616673+09
395,676,CONTINUATION_FLOW,1,0.4,2026-01-20 18:41:23.783743+09
396,677,CONTINUATION_FLOW,1,0.4,2026-01-20 18:41:23.950225+09
397,680,CONTINUATION_FLOW,1,0.4,2026-01-20 18:41:24.116676+09
398,681,CONTINUATION_FLOW,1,0.4,2026-01-20 18:41:24.282964+09
399,682,CONTINUATION_FLOW,1,0.4,2026-01-20 18:41:24.449604+09
400,685,CONTINUATION_FLOW,1,0.4,2026-01-20 18:41:24.616001+09
401,686,CONTINUATION_FLOW,1,0.4,2026-01-20 18:41:24.782375+09
402,687,CONTINUATION_FLOW,1,0.4,2026-01-20 18:41:24.949069+09
403,690,CONTINUATION_FLOW,1,0.4,2026-01-20 18:41:25.115597+09
404,691,CONTINUATION_FLOW,1,0.4,2026-01-20 18:41:25.282203+09
405,692,CONTINUATION_FLOW,1,0.4,2026-01-20 18:41:25.452641+09
406,695,CONTINUATION_FLOW,1,0.4,2026-01-20 18:41:25.619071+09
407,696,CONTINUATION_FLOW,1,0.4,2026-01-20 18:41:25.785716+09
408,697,CONTINUATION_FLOW,1,0.4,2026-01-20 18:41:25.95221+09
409,700,CONTINUATION_FLOW,1,0.4,2026-01-20 18:41:26.119084+09
410,701,CONTINUATION_FLOW,1,0.4,2026-01-20 18:41:26.285864+09
411,702,CONTINUATION_FLOW,1,0.4,2026-01-20 18:41:26.452717+09
412,705,CONTINUATION_FLOW,1,0.4,2026-01-20 18:41:26.619692+09
413,706,CONTINUATION_FLOW,1,0.4,2026-01-20 18:41:26.786045+09
414,707,CONTINUATION_FLOW,1,0.4,2026-01-20 18:41:26.952687+09
415,710,CONTINUATION_FLOW,1,0.4,2026-01-20 18:41:27.119343+09
416,711,CONTINUATION_FLOW,1,0.4,2026-01-20 18:41:27.285914+09
417,712,CONTINUATION_FLOW,1,0.4,2026-01-20 18:41:27.452771+09
418,715,CONTINUATION_FLOW,1,0.4,2026-01-20 18:41:27.61943+09
419,716,CONTINUATION_FLOW,1,0.4,2026-01-20 18:41:27.786477+09
420,717,CONTINUATION_FLOW,1,0.4,2026-01-20 18:41:27.953392+09
421,720,CONTINUATION_FLOW,1,0.4,2026-01-20 18:41:28.123258+09
422,721,CONTINUATION_FLOW,1,0.4,2026-01-20 18:41:28.289937+09
423,722,CONTINUATION_FLOW,1,0.4,2026-01-20 18:41:28.456665+09
424,725,CONTINUATION_FLOW,1,0.4,2026-01-20 18:41:28.623221+09
425,726,CONTINUATION_FLOW,1,0.4,2026-01-20 18:41:28.789724+09
426,727,CONTINUATION_FLOW,1,0.4,2026-01-20 18:41:28.956218+09
427,730,CONTINUATION_FLOW,1,0.4,2026-01-20 18:41:29.12251+09
428,731,CONTINUATION_FLOW,1,0.4,2026-01-20 18:41:29.288852+09
429,732,CONTINUATION_FLOW,1,0.4,2026-01-20 18:41:29.455404+09
430,735,CONTINUATION_FLOW,1,0.4,2026-01-20 18:41:29.622686+09
431,736,CONTINUATION_FLOW,1,0.4,2026-01-20 18:41:29.789304+09
432,737,CONTINUATION_FLOW,1,0.4,2026-01-20 18:41:29.955869+09
433,740,CONTINUATION_FLOW,1,0.4,2026-01-20 18:41:30.122123+09
434,741,CONTINUATION_FLOW,1,0.4,2026-01-20 18:41:30.288564+09
435,742,CONTINUATION_FLOW,1,0.4,2026-01-20 18:41:30.455377+09
436,745,CONTINUATION_FLOW,1,0.4,2026-01-20 18:41:30.621963+09
437,746,CONTINUATION_FLOW,1,0.4,2026-01-20 18:41:30.788472+09
438,747,CONTINUATION_FLOW,1,0.4,2026-01-20 18:41:30.955197+09
439,750,CONTINUATION_FLOW,1,0.4,2026-01-20 18:41:31.121582+09
440,751,CONTINUATION_FLOW,1,0.4,2026-01-20 18:41:31.287906+09
441,752,CONTINUATION_FLOW,1,0.4,2026-01-20 18:41:31.454354+09
442,755,CONTINUATION_FLOW,1,0.4,2026-01-20 18:41:31.620781+09
443,756,CONTINUATION_FLOW,1,0.4,2026-01-20 18:41:31.787082+09
444,757,CONTINUATION_FLOW,1,0.4,2026-01-20 18:41:31.953571+09
445,760,CONTINUATION_FLOW,1,0.4,2026-01-20 18:41:32.119902+09
446,761,CONTINUATION_FLOW,1,0.4,2026-01-20 18:41:32.286316+09
447,762,CONTINUATION_FLOW,1,0.4,2026-01-20 18:41:32.452701+09
448,765,CONTINUATION_FLOW,1,0.4,2026-01-20 18:41:32.619102+09
449,766,CONTINUATION_FLOW,1,0.4,2026-01-20 18:41:32.785553+09
450,767,CONTINUATION_FLOW,1,0.4,2026-01-20 18:41:32.952581+09
451,770,CONTINUATION_FLOW,1,0.4,2026-01-20 18:41:33.11924+09
452,773,CONTINUATION_FLOW,1,0.4,2026-01-20 18:41:33.286076+09
453,774,CONTINUATION_FLOW,1,0.4,2026-01-20 18:41:33.452522+09
454,775,CONTINUATION_FLOW,1,0.4,2026-01-20 18:41:33.618889+09
455,778,CONTINUATION_FLOW,1,0.4,2026-01-20 18:41:33.785591+09
456,779,CONTINUATION_FLOW,1,0.4,2026-01-20 18:41:33.952036+09
457,780,CONTINUATION_FLOW,1,0.4,2026-01-20 18:41:34.118593+09
458,783,CONTINUATION_FLOW,1,0.4,2026-01-20 18:41:34.284961+09
459,784,CONTINUATION_FLOW,1,0.4,2026-01-20 18:41:34.452095+09
460,785,CONTINUATION_FLOW,1,0.4,2026-01-20 18:41:34.618641+09
461,788,CONTINUATION_FLOW,1,0.4,2026-01-20 18:41:34.785351+09
462,789,CONTINUATION_FLOW,1,0.4,2026-01-20 18:41:34.951985+09
463,790,CONTINUATION_FLOW,1,0.4,2026-01-20 18:41:35.118664+09
464,793,CONTINUATION_FLOW,1,0.4,2026-01-20 18:41:35.285153+09
465,796,CONTINUATION_FLOW,1,0.4,2026-01-20 18:41:35.451837+09
466,797,CONTINUATION_FLOW,1,0.4,2026-01-20 18:41:35.618476+09
467,798,CONTINUATION_FLOW,1,0.4,2026-01-20 18:41:35.788575+09
468,801,CONTINUATION_FLOW,1,0.4,2026-01-20 18:41:35.955891+09
469,802,CONTINUATION_FLOW,1,0.4,2026-01-20 18:41:36.122709+09
470,803,CONTINUATION_FLOW,1,0.4,2026-01-20 18:41:36.289123+09
471,806,CONTINUATION_FLOW,1,0.4,2026-01-20 18:41:36.455553+09
472,807,CONTINUATION_FLOW,1,0.4,2026-01-20 18:41:36.622091+09
473,808,CONTINUATION_FLOW,1,0.4,2026-01-20 18:41:36.79253+09
474,811,CONTINUATION_FLOW,1,0.4,2026-01-20 18:41:36.959217+09
475,812,CONTINUATION_FLOW,1,0.4,2026-01-20 18:41:37.125564+09
476,813,CONTINUATION_FLOW,1,0.4,2026-01-20 18:41:37.292184+09
477,816,CONTINUATION_FLOW,1,0.4,2026-01-20 18:41:37.458532+09
478,817,CONTINUATION_FLOW,1,0.4,2026-01-20 18:41:37.62514+09
479,818,CONTINUATION_FLOW,1,0.4,2026-01-20 18:41:37.791755+09
480,821,CONTINUATION_FLOW,1,0.4,2026-01-20 18:41:37.958036+09
481,822,CONTINUATION_FLOW,1,0.4,2026-01-20 18:41:38.12486+09
482,823,CONTINUATION_FLOW,1,0.4,2026-01-20 18:41:38.291365+09
483,824,CONTINUATION_FLOW,1,0.4,2026-01-20 18:41:38.457831+09
484,825,CONTINUATION_FLOW,1,0.4,2026-01-20 18:41:38.624301+09
485,826,CONTINUATION_FLOW,1,0.4,2026-01-20 18:41:38.790857+09
486,829,CONTINUATION_FLOW,1,0.4,2026-01-20 20:14:50.692706+09
487,830,CONTINUATION_FLOW,1,0.4,2026-01-20 20:14:50.874021+09
488,831,CONTINUATION_FLOW,1,0.4,2026-01-20 20:14:51.05435+09
489,832,CONTINUATION_FLOW,1,0.4,2026-01-20 20:14:51.234639+09
490,833,CONTINUATION_FLOW,1,0.4,2026-01-20 20:14:51.414939+09
491,836,CONTINUATION_FLOW,1,0.4,2026-01-20 20:14:51.595644+09
492,837,CONTINUATION_FLOW,1,0.4,2026-01-20 20:14:51.775882+09
493,838,CONTINUATION_FLOW,1,0.4,2026-01-20 20:14:51.956294+09
494,841,CONTINUATION_FLOW,1,0.4,2026-01-20 20:14:52.136704+09
495,842,CONTINUATION_FLOW,1,0.4,2026-01-20 20:14:52.316957+09
496,843,CONTINUATION_FLOW,1,0.4,2026-01-20 20:14:52.497657+09
497,846,CONTINUATION_FLOW,1,0.4,2026-01-20 20:14:52.677954+09
498,847,CONTINUATION_FLOW,1,0.4,2026-01-20 20:14:52.85805+09
499,848,CONTINUATION_FLOW,1,0.4,2026-01-20 20:14:53.038485+09
500,851,CONTINUATION_FLOW,1,0.4,2026-01-20 20:14:53.218945+09
501,852,CONTINUATION_FLOW,1,0.4,2026-01-20 20:14:53.399243+09
502,853,CONTINUATION_FLOW,1,0.4,2026-01-20 20:14:53.579551+09
503,856,CONTINUATION_FLOW,1,0.4,2026-01-20 20:14:53.759631+09
504,857,CONTINUATION_FLOW,1,0.4,2026-01-20 20:14:53.93998+09
505,858,CONTINUATION_FLOW,1,0.4,2026-01-20 20:14:54.120328+09
506,861,CONTINUATION_FLOW,1,0.4,2026-01-20 20:14:54.300817+09
507,862,CONTINUATION_FLOW,1,0.4,2026-01-20 20:14:54.481055+09
508,863,CONTINUATION_FLOW,1,0.4,2026-01-20 20:14:54.661366+09
509,866,CONTINUATION_FLOW,1,0.4,2026-01-20 20:14:54.841732+09
510,867,CONTINUATION_FLOW,1,0.4,2026-01-20 20:14:55.021805+09
511,868,CONTINUATION_FLOW,1,0.4,2026-01-20 20:14:55.210737+09
512,871,CONTINUATION_FLOW,1,0.4,2026-01-21 03:36:16.667496+09
513,872,CONTINUATION_FLOW,1,0.4,2026-01-21 03:36:16.831928+09
514,873,CONTINUATION_FLOW,1,0.4,2026-01-21 03:36:16.995699+09
515,876,CONTINUATION_FLOW,1,0.4,2026-01-21 03:36:17.15953+09
516,877,CONTINUATION_FLOW,1,0.4,2026-01-21 03:36:17.324834+09
517,878,CONTINUATION_FLOW,1,0.4,2026-01-21 03:36:17.488509+09
518,881,CONTINUATION_FLOW,1,0.4,2026-01-21 03:36:17.652427+09
519,882,CONTINUATION_FLOW,1,0.4,2026-01-21 03:36:17.819634+09
520,883,CONTINUATION_FLOW,1,0.4,2026-01-21 03:36:17.983326+09
521,886,CONTINUATION_FLOW,1,0.4,2026-01-21 03:36:18.146846+09
522,887,CONTINUATION_FLOW,1,0.4,2026-01-21 03:36:18.310714+09
523,888,CONTINUATION_FLOW,1,0.4,2026-01-21 03:36:18.474872+09
524,891,CONTINUATION_FLOW,1,0.4,2026-01-21 03:36:18.638837+09
525,892,CONTINUATION_FLOW,1,0.4,2026-01-21 03:36:18.802742+09
526,893,CONTINUATION_FLOW,1,0.4,2026-01-21 03:36:18.966515+09
527,894,CONTINUATION_FLOW,1,0.4,2026-01-21 03:36:19.13015+09
528,895,CONTINUATION_FLOW,1,0.4,2026-01-21 03:36:19.293878+09
529,896,CONTINUATION_FLOW,1,0.4,2026-01-21 03:36:19.457798+09
530,899,CONTINUATION_FLOW,1,0.4,2026-01-21 03:36:19.621783+09
531,900,CONTINUATION_FLOW,1,0.4,2026-01-21 03:36:19.785535+09
532,901,CONTINUATION_FLOW,1,0.4,2026-01-21 03:36:19.949342+09
533,904,CONTINUATION_FLOW,1,0.4,2026-01-21 03:36:20.113054+09
534,905,CONTINUATION_FLOW,1,0.4,2026-01-21 03:36:20.276914+09
535,906,CONTINUATION_FLOW,1,0.4,2026-01-21 03:36:20.440573+09
536,909,CONTINUATION_FLOW,1,0.4,2026-01-21 03:36:20.604406+09
537,910,CONTINUATION_FLOW,1,0.4,2026-01-21 03:36:20.768132+09
538,911,CONTINUATION_FLOW,1,0.4,2026-01-21 03:36:20.93186+09
539,914,CONTINUATION_FLOW,1,0.4,2026-01-21 03:36:21.095685+09
540,915,CONTINUATION_FLOW,1,0.4,2026-01-21 03:36:21.260463+09
541,916,CONTINUATION_FLOW,1,0.4,2026-01-21 03:36:21.424583+09
542,919,CONTINUATION_FLOW,1,0.4,2026-01-21 03:36:21.5897+09
543,920,CONTINUATION_FLOW,1,0.4,2026-01-21 03:36:21.753172+09
544,921,CONTINUATION_FLOW,1,0.4,2026-01-21 03:36:21.91689+09
545,924,CONTINUATION_FLOW,1,0.4,2026-01-21 03:36:22.080864+09
546,925,CONTINUATION_FLOW,1,0.4,2026-01-21 03:36:22.244886+09
547,926,CONTINUATION_FLOW,1,0.4,2026-01-21 03:36:22.408842+09
548,929,CONTINUATION_FLOW,1,0.4,2026-01-21 03:36:22.572531+09
549,930,CONTINUATION_FLOW,1,0.4,2026-01-21 03:36:22.736185+09
550,931,CONTINUATION_FLOW,1,0.4,2026-01-21 03:36:22.899772+09
551,934,CONTINUATION_FLOW,1,0.4,2026-01-21 03:36:23.063438+09
552,935,CONTINUATION_FLOW,1,0.4,2026-01-21 03:36:23.227541+09
553,936,CONTINUATION_FLOW,1,0.4,2026-01-21 03:36:23.39124+09
554,939,CONTINUATION_FLOW,1,0.4,2026-01-21 03:36:23.554896+09
555,940,CONTINUATION_FLOW,1,0.4,2026-01-21 03:36:23.718572+09
556,941,CONTINUATION_FLOW,1,0.4,2026-01-21 03:36:23.882356+09
557,944,CONTINUATION_FLOW,1,0.4,2026-01-21 03:36:24.046123+09
558,945,CONTINUATION_FLOW,1,0.4,2026-01-21 03:36:24.209702+09
559,946,CONTINUATION_FLOW,1,0.4,2026-01-21 03:36:24.373661+09
560,949,CONTINUATION_FLOW,1,0.4,2026-01-21 03:36:24.537602+09
561,950,CONTINUATION_FLOW,1,0.4,2026-01-21 03:36:24.701221+09
562,951,CONTINUATION_FLOW,1,0.4,2026-01-21 03:36:24.864988+09
563,954,CONTINUATION_FLOW,1,0.4,2026-01-21 03:36:25.02892+09
564,955,CONTINUATION_FLOW,1,0.4,2026-01-21 03:36:25.192802+09
565,956,CONTINUATION_FLOW,1,0.4,2026-01-21 03:36:25.356611+09
566,957,CONTINUATION_FLOW,1,0.4,2026-01-21 03:36:25.52347+09
567,958,CONTINUATION_FLOW,1,0.4,2026-01-21 03:36:25.687202+09
568,959,CONTINUATION_FLOW,1,0.4,2026-01-21 03:36:25.851249+09
569,962,CONTINUATION_FLOW,1,0.4,2026-01-21 03:36:26.015066+09
570,963,CONTINUATION_FLOW,1,0.4,2026-01-21 03:36:26.178764+09
571,964,CONTINUATION_FLOW,1,0.4,2026-01-21 03:36:26.342362+09
572,967,CONTINUATION_FLOW,1,0.4,2026-01-21 03:36:26.506938+09
573,968,CONTINUATION_FLOW,1,0.4,2026-01-21 03:36:26.670658+09
574,969,CONTINUATION_FLOW,1,0.4,2026-01-21 03:36:26.83439+09
575,972,CONTINUATION_FLOW,1,0.4,2026-01-21 03:36:26.998159+09
576,973,CONTINUATION_FLOW,1,0.4,2026-01-21 03:36:27.161836+09
577,974,CONTINUATION_FLOW,1,0.4,2026-01-21 03:36:27.325698+09
578,977,CONTINUATION_FLOW,1,0.4,2026-01-21 03:36:27.489922+09
579,978,CONTINUATION_FLOW,1,0.4,2026-01-21 03:36:27.653644+09
580,979,CONTINUATION_FLOW,1,0.4,2026-01-21 03:36:27.817691+09
581,982,CONTINUATION_FLOW,1,0.4,2026-01-21 03:36:27.981433+09
582,983,CONTINUATION_FLOW,1,0.4,2026-01-21 03:36:28.144893+09
583,986,CONTINUATION_FLOW,1,0.4,2026-01-21 03:36:28.308623+09
584,987,CONTINUATION_FLOW,1,0.4,2026-01-21 03:36:28.472214+09
585,988,CONTINUATION_FLOW,1,0.4,2026-01-21 03:36:28.636056+09
586,991,CONTINUATION_FLOW,1,0.4,2026-01-21 03:36:28.800187+09
587,992,CONTINUATION_FLOW,1,0.4,2026-01-21 03:36:28.964064+09
588,993,CONTINUATION_FLOW,1,0.4,2026-01-21 03:36:29.127683+09
589,996,CONTINUATION_FLOW,1,0.4,2026-01-21 03:36:29.291413+09
590,997,CONTINUATION_FLOW,1,0.4,2026-01-21 03:36:29.455196+09
591,998,CONTINUATION_FLOW,1,0.4,2026-01-21 03:36:29.619017+09
592,1001,CONTINUATION_FLOW,1,0.4,2026-01-21 15:08:13.885953+09
593,1002,CONTINUATION_FLOW,1,0.4,2026-01-21 15:08:14.022125+09
594,1003,CONTINUATION_FLOW,1,0.4,2026-01-21 15:08:14.157134+09
595,1006,CONTINUATION_FLOW,1,0.4,2026-01-21 15:08:14.291658+09
596,1007,CONTINUATION_FLOW,1,0.4,2026-01-21 15:08:14.426087+09
597,1008,CONTINUATION_FLOW,1,0.4,2026-01-21 15:08:14.56077+09
598,1011,CONTINUATION_FLOW,1,0.4,2026-01-22 03:41:24.508447+09
599,1012,CONTINUATION_FLOW,1,0.4,2026-01-22 03:41:24.67325+09
600,1015,CONTINUATION_FLOW,1,0.4,2026-01-22 03:41:24.83609+09
601,1016,CONTINUATION_FLOW,1,0.4,2026-01-22 03:41:24.998655+09
602,1019,CONTINUATION_FLOW,1,0.4,2026-01-22 03:41:25.161558+09
603,1020,CONTINUATION_FLOW,1,0.4,2026-01-22 03:41:25.323922+09
604,1021,CONTINUATION_FLOW,1,0.4,2026-01-22 03:41:25.48632+09
605,1024,CONTINUATION_FLOW,1,0.4,2026-01-22 03:41:25.648699+09
606,1025,CONTINUATION_FLOW,1,0.4,2026-01-22 03:41:25.810564+09
607,1028,CONTINUATION_FLOW,1,0.4,2026-01-22 03:41:25.973739+09
608,1029,CONTINUATION_FLOW,1,0.4,2026-01-22 03:41:26.136424+09
609,1032,CONTINUATION_FLOW,1,0.4,2026-01-22 03:41:26.299011+09
610,1033,CONTINUATION_FLOW,1,0.4,2026-01-22 03:41:26.461537+09
611,1034,CONTINUATION_FLOW,1,0.4,2026-01-22 03:41:26.624029+09
612,1037,CONTINUATION_FLOW,1,0.4,2026-01-22 03:41:26.786383+09
613,1038,CONTINUATION_FLOW,1,0.4,2026-01-22 03:41:26.948709+09
614,1039,CONTINUATION_FLOW,1,0.4,2026-01-22 03:41:27.110663+09
615,1042,CONTINUATION_FLOW,1,0.4,2026-01-22 03:41:27.273001+09
616,1043,CONTINUATION_FLOW,1,0.4,2026-01-22 03:41:27.435217+09
617,1044,CONTINUATION_FLOW,1,0.4,2026-01-22 03:41:27.599228+09
618,1047,CONTINUATION_FLOW,1,0.4,2026-01-22 03:41:27.762069+09
619,1048,CONTINUATION_FLOW,1,0.4,2026-01-22 03:41:27.924154+09
620,1049,CONTINUATION_FLOW,1,0.4,2026-01-22 03:41:28.088858+09
621,1052,CONTINUATION_FLOW,1,0.4,2026-01-22 03:41:28.252723+09
622,1053,CONTINUATION_FLOW,1,0.4,2026-01-22 03:41:28.420253+09
623,1054,CONTINUATION_FLOW,1,0.4,2026-01-22 03:41:28.583105+09
624,1057,CONTINUATION_FLOW,1,0.4,2026-01-22 03:41:28.747279+09
625,1058,CONTINUATION_FLOW,1,0.4,2026-01-22 03:41:28.913717+09
626,1059,CONTINUATION_FLOW,1,0.4,2026-01-22 03:41:29.079815+09
627,1062,CONTINUATION_FLOW,1,0.4,2026-01-22 03:41:29.246136+09
628,1063,CONTINUATION_FLOW,1,0.4,2026-01-22 03:41:29.413314+09
629,1064,CONTINUATION_FLOW,1,0.4,2026-01-22 03:41:29.579671+09
630,1067,CONTINUATION_FLOW,1,0.4,2026-01-22 03:41:29.747151+09
631,1068,CONTINUATION_FLOW,1,0.4,2026-01-22 03:41:29.913179+09
632,1069,CONTINUATION_FLOW,1,0.4,2026-01-22 03:41:30.081082+09
633,1072,CONTINUATION_FLOW,1,0.4,2026-01-22 03:41:30.250527+09
634,1073,CONTINUATION_FLOW,1,0.4,2026-01-22 03:41:30.417133+09
635,1074,CONTINUATION_FLOW,1,0.4,2026-01-22 03:41:30.588752+09
636,1077,CONTINUATION_FLOW,1,0.4,2026-01-22 03:41:30.761747+09
637,1078,CONTINUATION_FLOW,1,0.4,2026-01-22 03:41:30.931655+09
638,1079,CONTINUATION_FLOW,1,0.4,2026-01-22 03:41:31.098369+09
639,1082,CONTINUATION_FLOW,1,0.4,2026-01-22 03:41:31.277153+09
640,1083,CONTINUATION_FLOW,1,0.4,2026-01-22 03:41:31.456478+09
641,1086,CONTINUATION_FLOW,1,0.4,2026-01-22 03:41:31.625133+09
642,1087,CONTINUATION_FLOW,1,0.4,2026-01-22 03:41:31.787303+09
643,1088,CONTINUATION_FLOW,1,0.4,2026-01-22 03:41:31.952013+09
644,1091,CONTINUATION_FLOW,1,0.4,2026-01-22 03:41:32.119303+09
645,1092,CONTINUATION_FLOW,1,0.4,2026-01-22 03:41:32.281671+09
646,1093,CONTINUATION_FLOW,1,0.4,2026-01-22 03:41:32.451608+09
647,1096,CONTINUATION_FLOW,1,0.4,2026-01-22 03:41:32.617876+09
648,1097,CONTINUATION_FLOW,1,0.4,2026-01-22 03:41:32.781113+09
649,1098,CONTINUATION_FLOW,1,0.4,2026-01-22 03:41:32.954661+09
650,1101,CONTINUATION_FLOW,1,0.4,2026-01-22 03:41:33.117387+09
651,1102,CONTINUATION_FLOW,1,0.4,2026-01-22 03:41:33.281126+09
652,1103,CONTINUATION_FLOW,1,0.4,2026-01-22 03:41:33.447235+09
653,1106,CONTINUATION_FLOW,1,0.4,2026-01-22 03:41:33.615242+09
654,1107,CONTINUATION_FLOW,1,0.4,2026-01-22 03:41:33.777433+09
655,1110,CONTINUATION_FLOW,1,0.4,2026-01-22 03:41:33.939775+09
656,1111,CONTINUATION_FLOW,1,0.4,2026-01-22 03:41:34.107571+09
657,1112,CONTINUATION_FLOW,1,0.4,2026-01-22 03:41:34.272144+09
658,1115,CONTINUATION_FLOW,1,0.4,2026-01-22 03:41:34.436826+09
659,1116,CONTINUATION_FLOW,1,0.4,2026-01-22 03:41:34.603254+09
660,1119,CONTINUATION_FLOW,1,0.4,2026-01-22 03:41:34.767259+09
661,1120,CONTINUATION_FLOW,1,0.4,2026-01-22 03:41:34.938912+09
662,1123,CONTINUATION_FLOW,1,0.4,2026-01-22 03:41:35.101323+09
663,1124,CONTINUATION_FLOW,1,0.4,2026-01-22 03:41:35.267239+09
664,1125,CONTINUATION_FLOW,1,0.4,2026-01-22 03:41:35.436074+09
665,1128,CONTINUATION_FLOW,1,0.4,2026-01-22 03:41:35.641813+09
666,1129,CONTINUATION_FLOW,1,0.4,2026-01-22 03:41:35.803978+09
667,1130,CONTINUATION_FLOW,1,0.4,2026-01-22 03:41:35.966126+09
668,1133,CONTINUATION_FLOW,1,0.4,2026-01-22 03:41:36.128105+09
669,1134,CONTINUATION_FLOW,1,0.4,2026-01-22 03:41:36.295235+09
670,1137,CONTINUATION_FLOW,1,0.4,2026-01-22 03:41:36.45771+09
671,1138,CONTINUATION_FLOW,1,0.4,2026-01-22 03:41:36.623251+09
672,1141,CONTINUATION_FLOW,1,0.4,2026-01-22 03:41:36.785397+09
673,1142,CONTINUATION_FLOW,1,0.4,2026-01-22 03:41:36.947822+09
674,1143,CONTINUATION_FLOW,1,0.4,2026-01-22 03:41:37.116157+09
675,1146,CONTINUATION_FLOW,1,0.4,2026-01-22 03:41:37.278628+09
676,1147,CONTINUATION_FLOW,1,0.4,2026-01-22 03:41:37.443253+09
677,1148,CONTINUATION_FLOW,1,0.4,2026-01-22 03:41:37.60561+09
678,1151,CONTINUATION_FLOW,1,0.4,2026-01-22 03:41:37.768275+09
679,1152,CONTINUATION_FLOW,1,0.4,2026-01-22 03:41:37.930687+09
680,1153,CONTINUATION_FLOW,1,0.4,2026-01-22 03:41:38.095252+09
681,1164,CONTINUATION_FLOW,1,0.4,2026-01-22 03:41:38.257744+09
682,1165,CONTINUATION_FLOW,1,0.4,2026-01-22 03:41:38.420104+09
683,1166,CONTINUATION_FLOW,1,0.4,2026-01-22 03:41:38.591247+09
684,1169,CONTINUATION_FLOW,1,0.4,2026-01-22 03:41:38.753164+09
685,1170,CONTINUATION_FLOW,1,0.4,2026-01-22 03:41:38.915294+09
686,1171,CONTINUATION_FLOW,1,0.4,2026-01-22 03:41:39.079162+09
687,1174,CONTINUATION_FLOW,1,0.4,2026-01-22 03:41:39.242991+09
688,1175,CONTINUATION_FLOW,1,0.4,2026-01-22 03:41:39.408339+09
689,1176,CONTINUATION_FLOW,1,0.4,2026-01-22 03:41:39.570408+09
690,1197,CONTINUATION_FLOW,1,0.4,2026-01-22 03:41:39.734208+09
691,1198,CONTINUATION_FLOW,1,0.4,2026-01-22 03:41:39.896364+09
692,1199,CONTINUATION_FLOW,1,0.4,2026-01-22 03:41:40.058713+09
693,1202,CONTINUATION_FLOW,1,0.4,2026-01-23 03:32:25.933608+09
694,1203,CONTINUATION_FLOW,1,0.4,2026-01-23 03:32:26.069489+09
695,1204,CONTINUATION_FLOW,1,0.4,2026-01-23 03:32:26.204286+09
696,1209,CONTINUATION_FLOW,1,0.4,2026-01-23 03:32:26.338799+09
697,1210,CONTINUATION_FLOW,1,0.4,2026-01-23 03:32:26.473406+09
698,1211,CONTINUATION_FLOW,1,0.4,2026-01-23 03:32:26.607901+09
699,1220,CONTINUATION_FLOW,1,0.4,2026-01-23 03:32:26.742823+09
700,1221,CONTINUATION_FLOW,1,0.4,2026-01-23 03:32:26.877672+09
701,1222,CONTINUATION_FLOW,1,0.4,2026-01-23 03:32:27.012368+09
702,1225,CONTINUATION_FLOW,1,0.4,2026-01-23 03:32:27.146976+09
703,1226,CONTINUATION_FLOW,1,0.4,2026-01-23 03:32:27.283082+09
704,1227,CONTINUATION_FLOW,1,0.4,2026-01-23 03:32:27.417727+09
705,1230,CONTINUATION_FLOW,1,0.4,2026-01-23 03:32:27.555261+09
706,1231,CONTINUATION_FLOW,1,0.4,2026-01-23 03:32:27.690622+09
707,1232,CONTINUATION_FLOW,1,0.4,2026-01-23 03:32:27.825724+09
708,1235,CONTINUATION_FLOW,1,0.4,2026-01-23 03:32:27.961497+09
709,1236,CONTINUATION_FLOW,1,0.4,2026-01-23 03:32:28.096524+09
710,1237,CONTINUATION_FLOW,1,0.4,2026-01-23 03:32:28.231579+09
711,1240,CONTINUATION_FLOW,1,0.4,2026-01-23 03:32:28.36634+09
712,1241,CONTINUATION_FLOW,1,0.4,2026-01-23 03:32:28.501711+09
713,1242,CONTINUATION_FLOW,1,0.4,2026-01-23 03:32:28.636887+09
714,1245,CONTINUATION_FLOW,1,0.4,2026-01-23 03:32:28.77159+09
715,1246,CONTINUATION_FLOW,1,0.4,2026-01-23 03:32:28.90605+09
716,1247,CONTINUATION_FLOW,1,0.4,2026-01-23 03:32:29.041022+09
717,1252,CONTINUATION_FLOW,1,0.4,2026-01-23 03:32:29.175405+09
718,1253,CONTINUATION_FLOW,1,0.4,2026-01-23 03:32:29.310263+09
719,1254,CONTINUATION_FLOW,1,0.4,2026-01-23 03:32:29.445285+09
720,1259,CONTINUATION_FLOW,1,0.4,2026-01-23 03:32:29.580461+09
721,1260,CONTINUATION_FLOW,1,0.4,2026-01-23 03:32:29.715542+09
722,1261,CONTINUATION_FLOW,1,0.4,2026-01-23 03:32:29.850452+09
723,1264,CONTINUATION_FLOW,1,0.4,2026-01-23 03:32:29.985486+09
724,1265,CONTINUATION_FLOW,1,0.4,2026-01-23 03:32:30.122374+09
725,1266,CONTINUATION_FLOW,1,0.4,2026-01-23 03:32:30.257416+09
726,1269,CONTINUATION_FLOW,1,0.4,2026-01-23 03:32:30.392458+09
727,1270,CONTINUATION_FLOW,1,0.4,2026-01-23 03:32:30.52727+09
728,1271,CONTINUATION_FLOW,1,0.4,2026-01-23 03:32:30.661952+09
729,1274,CONTINUATION_FLOW,1,0.4,2026-01-23 03:32:30.79667+09
730,1275,CONTINUATION_FLOW,1,0.4,2026-01-23 03:32:30.931423+09
731,1276,CONTINUATION_FLOW,1,0.4,2026-01-23 03:32:31.066073+09
732,1279,CONTINUATION_FLOW,1,0.4,2026-01-23 03:32:31.200759+09
733,1282,CONTINUATION_FLOW,1,0.4,2026-01-23 03:32:31.335587+09
734,1283,CONTINUATION_FLOW,1,0.4,2026-01-23 03:32:31.470451+09
735,1284,CONTINUATION_FLOW,1,0.4,2026-01-23 03:32:31.605044+09
736,1305,CONTINUATION_FLOW,1,0.4,2026-01-24 03:33:22.553107+09
737,1306,CONTINUATION_FLOW,1,0.4,2026-01-24 03:33:22.690631+09
738,1307,CONTINUATION_FLOW,1,0.4,2026-01-24 03:33:22.823599+09
739,1312,CONTINUATION_FLOW,1,0.4,2026-01-24 03:33:22.956585+09
740,1313,CONTINUATION_FLOW,1,0.4,2026-01-24 03:33:23.091251+09
741,1314,CONTINUATION_FLOW,1,0.4,2026-01-24 03:33:23.22415+09
742,1317,CONTINUATION_FLOW,1,0.4,2026-01-24 03:33:23.358097+09
743,1318,CONTINUATION_FLOW,1,0.4,2026-01-24 03:33:23.490709+09
744,1319,CONTINUATION_FLOW,1,0.4,2026-01-24 03:33:23.625588+09
745,1322,CONTINUATION_FLOW,1,0.4,2026-01-24 03:33:23.758478+09
746,1323,CONTINUATION_FLOW,1,0.4,2026-01-24 03:33:23.891351+09
747,1324,CONTINUATION_FLOW,1,0.4,2026-01-24 03:33:24.024072+09
748,1327,CONTINUATION_FLOW,1,0.4,2026-01-24 03:33:24.156686+09
749,1328,CONTINUATION_FLOW,1,0.4,2026-01-24 03:33:24.289253+09
750,1329,CONTINUATION_FLOW,1,0.4,2026-01-24 03:33:24.421947+09
751,1332,CONTINUATION_FLOW,1,0.4,2026-01-24 03:33:24.554604+09
752,1333,CONTINUATION_FLOW,1,0.4,2026-01-24 03:33:24.687623+09
753,1334,CONTINUATION_FLOW,1,0.4,2026-01-24 03:33:24.820173+09
754,1345,CONTINUATION_FLOW,1,0.4,2026-01-25 03:29:44.740629+09
755,1346,CONTINUATION_FLOW,1,0.4,2026-01-25 03:29:44.926678+09
756,1347,CONTINUATION_FLOW,1,0.4,2026-01-25 03:29:45.111952+09
757,1350,CONTINUATION_FLOW,1,0.4,2026-01-25 03:29:45.297516+09
758,1351,CONTINUATION_FLOW,1,0.4,2026-01-25 03:29:45.482576+09
759,1352,CONTINUATION_FLOW,1,0.4,2026-01-25 03:29:45.667821+09
760,1355,CONTINUATION_FLOW,1,0.4,2026-01-25 03:29:45.853251+09
761,1356,CONTINUATION_FLOW,1,0.4,2026-01-25 03:29:46.038476+09
762,1357,CONTINUATION_FLOW,1,0.4,2026-01-25 03:29:46.223836+09
