session_id,thread_id,trace_id,mode,rsi,drift,created_at,finalized_at
a439cc0f-52fa-42f8-883c-bc3aa17023de,936,e1d64474-2529-4b86-a4b0-c4f5824a2cc5,VERIFY,1,LOW,2026-02-26 12:58:31.20645+09,
47d80f70-7207-4e2a-ab00-293473c3179b,936,1874aec9-25c0-4f6a-afc1-9c069eb7369e,NORMAL,1,LOW,2026-02-26 13:11:34.224+09,
aa4348f7-c63b-492a-b77f-6a8a6903d345,936,6a4573e4-27b3-40e1-a15c-825fb8905367,NORMAL,1,LOW,2026-02-26 13:26:43.880672+09,
b14ee71e-2560-4589-8769-eac5933d38f2,936,ce5e7622-9bad-4a87-820b-4b581b756f0b,NORMAL,1,LOW,2026-02-26 13:34:59.728992+09,
b576f7e3-2717-4a36-8812-4ee6a2612c3a,936,c04eb863-97f5-4b0b-945a-9cb4ed243ef0,NORMAL,1,LOW,2026-02-26 13:36:35.702613+09,
015708f5-ef09-4390-9f93-9a6a6ca066fd,936,30c75f6b-a77b-45bd-8ef7-f87765ac7244,NORMAL,1,LOW,2026-02-26 13:41:10.726969+09,
d29aa9c8-10ec-4d92-b974-b579c031772e,936,a517b730-98fb-4205-b73a-489fc8f4fccb,NORMAL,1,LOW,2026-02-26 13:42:07.549153+09,
56cf47c4-7a03-4e5a-9d5a-1a354ed9b405,886,6d08e4ed-4f24-4d42-abd5-c3b28aeec559,NORMAL,1,LOW,2026-02-26 13:46:00.692782+09,
08bc9196-2dbf-46f7-967b-01d68abf3a06,886,f9f2db03-3a24-47cb-8b49-cf501513b92b,VERIFY,1,LOW,2026-02-26 14:04:13.475672+09,
df95e87c-df2b-47f3-a13c-e4bf5cb3baaa,886,aa69eff6-c27a-4c6c-997d-771fe67bd014,VERIFY,1,LOW,2026-02-26 14:06:21.951447+09,
f64c5dbb-db39-4778-bdc5-b8fc75b7bbd4,886,030d7ecc-6e77-4841-9b45-81de2aebc1c8,NORMAL,1,LOW,2026-02-26 14:18:07.092713+09,
f0dca654-d9d9-4e84-b2a1-95771f525a55,886,db87d02f-beac-4b9a-bc7e-2ee5f29f1669,NORMAL,1,LOW,2026-02-26 14:27:05.057179+09,
6a04f6c5-0320-4e73-ba66-1d6b30f6cc9f,886,b6fd0b3d-4b7f-430a-945e-6c8b42e37be4,VERIFY,1,LOW,2026-02-26 15:12:26.929445+09,
e0a86a98-74e9-4ea4-a7c5-59f51d9c7e68,886,f1f77839-8306-4329-b9a6-9ea60b754ce7,VERIFY,1,LOW,2026-02-26 15:44:30.055653+09,
46ccde74-3caa-436f-9b71-cb1263d30780,886,83ade106-fa3d-415e-b1dc-874814ec34a9,NORMAL,1,LOW,2026-02-26 16:29:58.074804+09,
7fe7aaf7-4c4f-4002-9467-60001681dc25,937,1f693e4a-1f7a-4342-9eb4-31ca39a73903,VERIFY,1,LOW,2026-02-26 16:33:40.508414+09,
815b61a0-f80c-4582-9dc3-3bc2ef5d8f2c,886,8fd7ce75-af3f-47ba-996e-1da4f3c94d07,NORMAL,1,LOW,2026-02-26 16:50:35.061077+09,
a50cad28-28b1-4b9b-b15a-a9861a3c82e7,931,d2a42971-1707-4f7d-97fd-39ce7109bab2,NORMAL,1,LOW,2026-02-26 17:04:07.850984+09,
b0c07e88-7b3c-4dd8-a526-ba5bbf7d5c5a,931,2d445014-2896-44ea-aae3-33ca4cbf7a0c,NORMAL,1,LOW,2026-02-26 17:19:56.284221+09,
59bf167f-2525-4784-8d03-385f9b0684ba,931,30754e6b-5316-401a-8996-f35d31f084e7,VERIFY,1,LOW,2026-02-26 17:21:22.405498+09,
bfbe1ced-9089-464f-8491-eed6d225810f,931,f0c5dcff-5d9c-4bd8-ba69-dad7c68efa2e,VERIFY,1,LOW,2026-02-26 17:31:26.880939+09,
bb472624-b60a-458e-89c5-86fead98e433,938,d6663b1c-5887-4739-8656-aa2b252b6233,VERIFY,1,LOW,2026-02-26 17:34:02.118551+09,
b5a5e976-f690-4062-9dc8-3827b081759b,938,85ed45e0-370d-496b-973b-c5b8c841f84c,VERIFY,1,LOW,2026-02-26 18:06:07.512538+09,
922e7a35-b860-469d-8e3f-aeec8c1ef73d,938,5cf42982-0679-4d47-8425-4a80b8faab1b,VERIFY,1,LOW,2026-02-26 20:15:33.852282+09,
607adb78-23d9-42d9-8871-c60a2526b52c,938,bd5ac1d3-93c2-46ad-b458-56b297c242df,VERIFY,1,LOW,2026-02-26 20:45:13.185888+09,
992881a3-b5c9-4340-8b60-1f86d6a91e41,938,31a1b8c0-3d8e-44fa-948c-b858fcf3fd84,VERIFY,1,LOW,2026-02-26 21:02:50.006549+09,
25a1d7e3-d2b0-4148-b033-bf88689b9702,938,20ee7ff9-aefd-442c-9b44-c4d2d3d83a1d,VERIFY,1,LOW,2026-02-26 21:23:12.307065+09,
e4177274-3410-4f89-a698-25f460510d4f,938,44a88a6d-8997-42cc-a6c7-7bbf75358435,VERIFY,1,LOW,2026-02-26 21:29:06.380652+09,
dd86d3c7-d2d7-4d51-8416-1a15d708b827,938,d1bdbf5e-ace9-469c-9994-55fa4ef53627,NORMAL,1,LOW,2026-02-26 21:33:13.285528+09,
f97e0e40-c74e-45c1-96f0-e616ec53efbf,938,5406f21f-0794-4410-ba4e-84a2a821dacf,VERIFY,1,LOW,2026-02-26 21:34:55.010847+09,
86fd2cd2-ad10-4a1e-b340-ec5eb96696bb,938,385e5292-f030-470a-af76-844a9ec8a920,NORMAL,1,LOW,2026-02-26 21:49:28.571035+09,
b9aa1793-090d-4ba0-92bc-1875e4b3e9e4,938,fa283ae0-7a14-4fa8-8b49-b1f1b96bb7be,VERIFY,1,LOW,2026-02-26 21:50:07.632271+09,
36414ba1-4f8b-445a-ae48-f600212aa005,938,a10a3227-56f4-4fb5-83ea-ec21348f2d33,NORMAL,1,LOW,2026-02-26 21:52:36.377887+09,
32c041e7-3620-4cae-a4b7-1f286440136f,939,c6d7f844-e5c4-4e63-8fab-943ce579f5b9,VERIFY,1,LOW,2026-02-26 21:54:41.404992+09,
59606263-97b0-4500-a1ac-291bb3178c5c,939,bbab45b6-0c45-4d55-b00c-851796936b1a,VERIFY,1,LOW,2026-02-26 22:14:50.954405+09,
fddd4efe-8bac-4d2b-9199-b05a5bc7b91d,939,995f1c77-6487-44d4-9219-682626f98af2,VERIFY,1,LOW,2026-02-26 22:18:42.828968+09,
42b1ac3b-ce12-4ef3-82e0-4c3db7e80715,939,93c797c4-0ded-4c97-998d-5eb4ad572602,VERIFY,1,LOW,2026-02-26 22:25:50.86601+09,
1db36c0b-23e3-4c02-bc32-4411a77cbb6d,939,a6e0d273-6d58-47ce-97ed-b5a122e15024,NORMAL,1,LOW,2026-02-26 22:50:17.218884+09,
1909be34-dd66-46b8-96e7-7dd12af35be9,939,bfe7a1a1-752a-4e2c-ba16-b684eb6fd997,VERIFY,1,LOW,2026-02-26 22:50:44.307725+09,
ca2d3ff6-2d1d-4c45-9e13-490ae732b4ff,938,9c21c3cf-4e5c-4269-9cc3-d85bdb091b46,VERIFY,1,LOW,2026-02-27 00:10:53.642283+09,
1546af47-49ac-469a-8da4-63a695d65d0b,938,144b1d08-0e15-41fa-9318-4de8d8e7ceea,VERIFY,1,LOW,2026-02-27 00:19:52.09937+09,
5e2bf64e-05d0-4c71-aeb3-346da814a98b,938,a1d15842-0fce-4242-8302-8cc34cfc6f76,VERIFY,1,LOW,2026-02-27 00:24:06.141278+09,
dd7c7347-ca72-43c4-bba7-71aab46e2195,938,839536f8-eab3-42f8-9e1a-7f0f849dc54c,NORMAL,1,LOW,2026-02-27 00:36:56.189741+09,
cf722e57-0156-443b-99f9-5d123a6d5364,938,4ea220e0-58e3-43f3-afcf-7eaabd307093,VERIFY,1,LOW,2026-02-27 00:39:47.368305+09,
c80b4a23-daa7-4e76-8dfc-fe722836086f,938,0649d5da-2b07-40f6-bbf1-e5c959475b38,VERIFY,1,LOW,2026-02-27 00:44:45.83858+09,
d9285b03-f1ac-4347-aeeb-7add3460811c,938,daa5edb1-83f2-43a1-8bea-6be04ce3f60f,NORMAL,1,LOW,2026-02-27 00:49:48.815645+09,
cf86d057-3542-443b-ac7a-56acd781a495,938,71bcb440-f907-4c6b-97bb-d2d718835acf,VERIFY,1,LOW,2026-02-27 00:58:39.524984+09,
4de39697-109d-4ceb-9b8a-9a54b60efc34,938,a05b4659-5bc5-4fb8-9964-550d8ac7e875,VERIFY,1,LOW,2026-02-27 01:05:14.48828+09,
cfa41d6a-0b4f-495b-b940-ecd453dfdc14,937,9442a875-bc71-41cc-9fe2-7f547be0b961,VERIFY,1,LOW,2026-02-27 01:59:08.198315+09,
219223d8-4dd2-46da-acac-1b0949eac8e6,937,eb5df607-6862-409f-9040-c07b15df229b,VERIFY,1,LOW,2026-02-27 02:30:29.222144+09,
621fdb12-97c6-44af-a83c-6c2b2dc1b250,938,32b631ad-0678-4822-9fdb-bdc2c6a82f0a,VERIFY,1,LOW,2026-02-27 02:32:44.784922+09,
12f4d803-dbe2-421d-a7ec-19d89c2b1c8d,938,b55aee56-8812-43ed-9c6f-abacc28073df,VERIFY,1,LOW,2026-02-27 03:11:06.203705+09,
d70a1946-a5be-4a86-8a4e-11f8147fb614,938,c078d484-73de-4927-abe2-213bbd263bcf,VERIFY,1,LOW,2026-02-27 03:13:50.125+09,
1840e847-400c-4f1f-8ca5-ae4912d2940f,938,bc7a3c45-ee32-4ae3-9451-cbe7098a403f,VERIFY,1,LOW,2026-02-27 09:27:29.131704+09,
d70cc3b8-f677-4c9c-b4be-8f9e85b1fc73,938,f2d3bee9-083a-450f-9175-be3b5b7c0d8a,NORMAL,1,LOW,2026-02-27 09:31:21.328921+09,
4fc3dc78-6df1-4a64-8f4b-b78275dd3973,938,b163d71c-40a8-45b3-a2c2-d1c17a24db1e,VERIFY,1,LOW,2026-02-27 09:35:40.081716+09,
e11416e8-26a2-401c-abef-35a82df8a99b,938,e3005447-7bf0-46a2-85cd-92b04887214b,VERIFY,1,LOW,2026-02-27 10:23:07.509847+09,
b222e5e3-7b45-421b-b9ad-112e806beabb,938,aa1438f4-7a62-4523-ae9b-34b2583f5d77,VERIFY,1,LOW,2026-02-27 10:29:44.172686+09,
ede602c8-51bc-4e80-bae5-4dde0f80148b,938,a245af1b-7704-4172-bc32-16a7ed023d7d,VERIFY,1,LOW,2026-02-27 10:49:23.668969+09,
8152536f-08b1-484e-bbe6-c7fea3f2b120,938,745f8bb0-f97a-4cd8-a93f-c5061ce4b7b2,VERIFY,1,LOW,2026-02-27 11:24:40.423444+09,
fc20c764-1ed5-4c18-b4ec-9b44943f0e85,938,989bca26-3e4a-4b4a-8efa-a90c3138fafe,NORMAL,1,LOW,2026-02-27 11:27:24.083033+09,
3fa9a360-37b8-4be1-9b3b-984b44386498,938,f269dcd8-e20d-466d-8fcf-0d03fe25dd3d,VERIFY,1,LOW,2026-02-27 11:28:41.051867+09,
740cb614-1f5a-4b97-8ef5-7e475971e494,938,885fd16c-d953-4d7d-adb9-be3d593175e5,NORMAL,1,LOW,2026-02-27 11:55:03.497075+09,
c30bfa5e-4cf7-4d6f-99f0-3a68b322b1cb,938,742d429a-c4a6-4681-8f8a-13fb6c3b3283,VERIFY,1,LOW,2026-02-27 12:07:17.28831+09,
615aae4f-88ec-4d45-b902-33c66e397c66,938,4a1e0cf8-7b2d-4506-8223-cc591d24b6da,NORMAL,1,LOW,2026-02-27 13:05:36.454753+09,
603b6634-80bb-4551-a48f-a3dbbeb27f6e,938,20426f9c-6f7b-4799-a6af-f295c0a71367,VERIFY,1,LOW,2026-02-27 13:05:43.296937+09,
08d91207-d150-4b2a-af76-403d553dad90,938,3f396a46-7f41-47d9-891b-f5eb9072103c,NORMAL,1,LOW,2026-02-27 13:25:31.756273+09,
ff268bf3-a6ef-4955-b0bd-0d0ebaa2e460,938,531f9b0c-5e72-4059-ba39-5f3b6aec3797,NORMAL,1,LOW,2026-02-27 14:08:36.512287+09,
1051c958-4f83-4faf-b7cd-a2e78f36af4b,938,02fe86bb-ecc3-4b01-8b69-0570ebeba64f,VERIFY,1,LOW,2026-02-27 14:10:27.993621+09,
028959fd-411d-4266-bae4-4231229933e0,938,5af0880a-c8c0-4cf2-94b3-bed34484cf6f,NORMAL,1,LOW,2026-02-27 15:54:17.091564+09,
a047370a-d03b-4f9b-a9e0-8df7bffc9b7f,937,31c1c2e0-b251-44f3-9b67-d90dd6c86f3c,NORMAL,1,LOW,2026-02-27 16:54:45.628193+09,
18752b17-a824-4c69-8212-f2b1f94e1510,937,fada41f2-5479-4166-a237-23e3bf289d2a,NORMAL,1,LOW,2026-02-27 17:18:15.609812+09,
bd38c48d-f7e8-4acf-97d9-e454f48a57a0,937,287fddcd-27ac-49cd-88b9-6cf39160ecd4,NORMAL,1,LOW,2026-02-27 17:23:13.051109+09,
00ababb6-57f4-4992-aacf-8bbe49299743,937,437b6b52-5fe1-467a-abab-0509d907389f,VERIFY,1,LOW,2026-02-27 17:31:05.781653+09,
c97abe4b-a46f-4297-9363-a51d0ac7cc44,937,779d77b0-f816-419b-b730-95b6f95bb500,VERIFY,1,LOW,2026-02-27 17:34:56.203688+09,
ac3715a1-9761-4b7d-80c4-1a335b1391bf,940,437f4aa7-db44-419b-b128-a130929b687a,NORMAL,1,LOW,2026-02-27 18:03:29.096705+09,
f5b1909e-fa91-409b-8d83-2bbb89ea5164,940,f814a821-acef-48ee-be1a-e4e53b22ba85,NORMAL,1,LOW,2026-02-27 18:05:53.672768+09,
7bcbc357-baef-4ddd-81bf-b8ff6e40cd0e,940,f88dfd0e-5c99-46d0-a22c-05128ada9565,NORMAL,1,LOW,2026-02-27 18:11:21.762462+09,
9079a3b6-cd29-43a2-8bb8-1aad03d4ac04,940,8d1b13f9-ead1-4864-a219-4869d5342750,NORMAL,1,LOW,2026-02-27 18:12:41.917846+09,
1d6010e4-f426-43eb-8841-0df21bc59793,940,8585ab58-84b9-4418-ba70-6bf1486aa4fc,VERIFY,1,LOW,2026-02-27 18:23:53.152822+09,
0464a4e3-f2f5-4067-93de-bd00054c8a43,940,a7df8c24-80ac-4469-a3a4-ff57109d3c0b,NORMAL,1,LOW,2026-02-27 18:28:23.931489+09,
2841be41-3b1e-421b-97b0-4bfc5501b5aa,940,cd727b92-79b5-4270-8926-18929ad5a71e,NORMAL,1,LOW,2026-02-27 18:40:50.213154+09,
1a7a6ef3-be4d-4f96-a921-2e37db4aa801,940,d0d09c64-8ee1-47eb-b639-81ce1fd4c639,VERIFY,1,LOW,2026-02-27 18:42:46.277879+09,
a2a04712-de33-4ed6-99ea-ba130911de28,940,97be8a2d-66ff-4072-998e-73477627af51,VERIFY,1,LOW,2026-02-27 20:21:51.203572+09,
1fc647b4-651a-4e1a-9be5-e307eba3aeef,940,7ca7a1f8-aba6-4f8e-b991-d483be8738a9,NORMAL,1,LOW,2026-02-27 20:30:18.641244+09,
77d27fbc-5dd0-4ceb-8b80-92a958fdf8e1,937,0a2394f9-8ec8-4896-a245-d17d2f9d55f1,VERIFY,1,LOW,2026-02-27 20:51:13.46328+09,
72133ddd-32e2-4909-aeb2-6b8de4f372e4,937,2597807d-bffe-4989-bc82-f79dc16f5e34,VERIFY,1,LOW,2026-02-27 21:23:06.346652+09,
e9992c16-8d9c-40f8-9bc2-a7d1dfb52932,937,b003adec-ec0d-40a1-afeb-3e767a196957,VERIFY,1,LOW,2026-02-27 21:50:48.582854+09,
5389be22-934e-4a90-bb55-74182f9b6449,937,d566b985-0e9f-44b4-b826-1f45fdaaee27,VERIFY,1,LOW,2026-02-27 22:33:59.348172+09,
d1ba78f3-866c-4af5-aeeb-a0c79f423ad9,941,bbb3d073-43dd-4cd8-a72d-fa3507c22121,VERIFY,1,LOW,2026-02-27 23:34:41.099355+09,
fe9e14d6-f8a0-4e58-b7a4-3238337cb0dd,937,319e1f71-6fe3-4feb-9e4a-4235706ced21,NORMAL,1,LOW,2026-02-28 00:35:48.51237+09,
6a49fcef-217b-4087-8e47-55aa38c7a56a,942,ad117871-7454-4fb8-ab67-8fb7911b4252,VERIFY,1,LOW,2026-02-28 00:42:59.739584+09,
12e56ccb-55ec-4567-b47d-51850adb44ee,943,1613cb6f-6fee-4831-a213-94198eec9516,VERIFY,1,LOW,2026-02-28 00:54:50.821611+09,
73fd4d4a-cada-40bc-9edd-bcd50c422756,944,12eb8085-8c3b-4a6b-ba17-a4f71931a0d6,VERIFY,1,LOW,2026-02-28 01:05:25.677834+09,
60e163cd-3bcc-4629-9e80-176442830f46,944,792c625a-0bb5-40d8-bfbd-344416274ba9,VERIFY,1,LOW,2026-02-28 01:10:29.320871+09,
d1612904-f055-4a80-8dcd-9c8d3e1cb992,944,31e507d3-d7bd-41ff-be6c-fca6517a968a,VERIFY,1,LOW,2026-02-28 01:23:56.501519+09,
eab2b5f4-c349-4a26-a7e4-cccf83dc0012,945,c76112a9-018c-4cb3-8233-98393896cf9a,NORMAL,1,LOW,2026-02-28 01:32:14.134088+09,
1f19a7f1-4a7b-4ab1-bd90-189151f5c33e,945,13ebb5ba-e5a2-4a9d-8cd5-37be7b3327ed,NORMAL,1,LOW,2026-02-28 01:34:04.991366+09,
47839fab-2614-48d7-a352-4f7a30caf428,945,6a44e8d6-0820-47bf-9258-566de90a96fe,VERIFY,1,LOW,2026-02-28 01:48:45.558194+09,
cf8d0d49-7447-4fda-8dec-012707b38532,945,5c072478-a6b6-4e0b-a75c-029d71ded689,VERIFY,1,LOW,2026-02-28 02:03:39.523568+09,
e72c8a36-8b0c-4c6e-9e89-4c3b1518a593,945,ca6021a7-1ecf-48aa-ba5c-df2e2c98d9be,VERIFY,1,LOW,2026-02-28 02:07:18.607877+09,
0913f406-898c-4b8f-9ed0-e99edaef6ecc,945,4628bf33-7dc2-4dd4-9f4e-40c5fe68264d,NORMAL,1,LOW,2026-02-28 02:12:05.487914+09,
8c4571ae-4255-485b-9b73-73c1401427cb,945,c539e4f8-813b-44ca-bac7-267deb1be280,NORMAL,1,LOW,2026-02-28 02:20:19.916335+09,
61f88bce-b98d-4606-b354-3b6718fee48d,944,4235dae7-efdc-48f9-95a7-c7212d99ba24,VERIFY,1,LOW,2026-02-28 13:02:13.731663+09,
d9a33bd8-f699-41d5-8d6d-8c4a9562ed3a,944,e58e3456-10ce-4ce7-8c56-23eaec100ed7,NORMAL,1,LOW,2026-02-28 13:04:27.121339+09,
492d373d-26c3-4673-bb37-f6a860ae8cc1,944,3796de34-5839-4522-a017-8b15a8477075,VERIFY,1,LOW,2026-02-28 13:23:59.642145+09,
704a891c-794e-4bbd-afd8-cf8f6f7c6c15,944,28298f23-af68-4547-aef5-5626bb1d327e,NORMAL,1,LOW,2026-02-28 13:52:07.129389+09,
c42c9815-f527-4871-8fe7-fd3f2d627467,944,53815b67-162d-4602-9498-9c0f74392c17,NORMAL,1,LOW,2026-02-28 13:58:43.546401+09,
d6b911a3-a32a-4828-850a-a41a116dac7a,944,a911c075-6fde-4093-9f82-a34f741b3a47,NORMAL,1,LOW,2026-02-28 13:59:28.978604+09,
68d09774-6c3d-4575-a51c-c8773b42e2b4,944,21112bd2-1af5-4abf-b164-ec15fc4b92cf,NORMAL,1,LOW,2026-02-28 14:00:13.437902+09,
b13fad72-7b06-4e9e-ac5d-23024518b007,945,2342af64-881c-4779-9778-c95c5cc9d4fc,NORMAL,1,LOW,2026-02-28 14:13:42.613605+09,
82e71d6c-2df5-4a35-931c-8a7e9920b0ff,938,4c7e1f38-c118-4f9f-a4e3-cedf932b2e1e,VERIFY,1,LOW,2026-02-28 15:20:04.535337+09,
878848f2-723f-49b0-a03f-41334d629198,938,b0607f9b-3001-4e71-a253-20f21948a7d7,VERIFY,1,LOW,2026-02-28 15:22:04.68213+09,
c8a907c4-946b-4eb7-9353-af3facd951e7,938,3eb9318e-a44a-4b3b-a854-a40842fc209e,VERIFY,1,LOW,2026-02-28 15:47:10.795964+09,
ef0b7324-b8b9-444d-a15f-818c0043957b,938,9d9f55d1-3e86-494e-a951-f95e2bd76d14,VERIFY,1,LOW,2026-02-28 16:33:12.799854+09,
620d0096-36e5-44af-a280-73b870b61d4c,938,fb78e764-462f-44b8-a851-45c0d5e54d03,NORMAL,1,LOW,2026-02-28 16:36:09.057551+09,
f4c511c5-a74a-4f62-8054-6ee11365fae4,938,ad80bcee-4882-4cd4-aced-bad9b04aec89,VERIFY,1,LOW,2026-02-28 16:38:08.671881+09,
6c089761-3b4f-4413-9c7d-2869bce2162b,938,798072e4-d9e3-4234-954a-7a393456958d,VERIFY,1,LOW,2026-02-28 17:37:06.972775+09,
64f7947e-b743-4a4d-9c0f-837fe90adfaa,946,3b88d194-11c4-4f5d-aa7b-6122968b1220,VERIFY,1,LOW,2026-02-28 18:23:22.339879+09,
df4ee02a-7270-4b3d-8f2b-ad5a4d73bc5d,946,b1e2ac1f-d752-4ba1-9ee3-15e2a272b85d,VERIFY,1,LOW,2026-02-28 18:37:54.54059+09,
4b54cc7d-cced-404c-9240-642a26eeba9f,946,bd9f67aa-fb0e-4ef7-886e-bb382dcc1b6f,NORMAL,1,LOW,2026-02-28 20:44:20.578875+09,
289108d7-5980-474a-9d82-01685876b936,946,a5f9eff6-a8e4-4a7d-bba6-99fc8a296345,NORMAL,1,LOW,2026-02-28 20:47:48.705051+09,
6041f007-1ac3-4da2-80e3-f4240b212ac5,946,4875cbe4-1795-416d-bfa7-cc531330785a,NORMAL,1,LOW,2026-02-28 20:50:15.095439+09,
89707f61-6568-4891-9b02-5e7b20175602,940,0c62dc74-b5b7-47b0-a6e7-90dcbe4813b4,VERIFY,1,LOW,2026-02-28 21:56:42.968133+09,
f6871681-fca2-482a-b35d-23065144eb49,940,991d4bd7-90cf-4ada-9abb-4c7e897e8a74,NORMAL,1,LOW,2026-02-28 21:59:25.747948+09,
f2377697-d4f7-4d56-b8be-23972cd7825a,940,87574133-9694-4b4c-b79e-5e70f1ddcf5c,VERIFY,1,LOW,2026-02-28 22:02:41.951685+09,
58ad458b-c601-4d9f-b4f1-1c62c8cef15c,943,01e5ab43-fab1-484d-a0eb-c45d299538e2,NORMAL,1,LOW,2026-02-28 22:10:49.260375+09,
9c601fe8-3b0c-4ede-a6bc-588a17c9a651,943,e56683a1-f4e7-4ad2-b5ff-206283ee31e6,NORMAL,1,LOW,2026-02-28 22:12:06.808823+09,
76823570-27b0-4a07-95bb-c4dde89a638a,948,d4981af6-ec59-4290-9ed7-05d11de0da0b,VERIFY,1,LOW,2026-02-28 22:13:59.630016+09,
5e0aece8-108d-45c2-b6f2-2ead696ec2e7,940,b6f8cc2a-e89a-450d-a0c2-cdcfd232a54b,VERIFY,1,LOW,2026-02-28 22:32:03.081088+09,
9caf9b50-f834-4fc8-8993-c89f3a10a9dc,949,88ec07cf-4b1f-48b9-b09a-1800e1d5a405,VERIFY,1,LOW,2026-02-28 22:35:15.538837+09,
4e262633-7fdf-412b-8671-f3eab61d4fcc,949,403f2d15-e222-4634-95a0-9efda2f98077,VERIFY,1,LOW,2026-02-28 22:45:42.693433+09,
20977c51-b07b-4147-b861-40927bd2a80b,949,53f2f8bf-3729-4141-9d57-2ddbdb2990ad,NORMAL,1,LOW,2026-02-28 22:57:54.519363+09,
b9ee5a5f-5d0a-4ba3-976d-40bc6444afef,949,5aa6550b-7f44-4646-a3fe-287befd0d7e9,NORMAL,1,LOW,2026-02-28 23:00:26.816517+09,
f3fddc25-46d1-441f-8f7b-4a3b67dc492f,949,c32f052b-e031-40d5-80d2-c408aabd8eb7,VERIFY,1,LOW,2026-02-28 23:10:46.157073+09,
a92492eb-e4ad-48cb-ae2c-08f572a8d8fa,949,7b879683-a55d-425f-8575-ff4c7cb4fea5,VERIFY,1,LOW,2026-02-28 23:26:49.697816+09,
4cb852dc-80a0-4f80-bd15-1d9a092c8759,949,0b4257f1-b8b7-42f6-a9a1-df7601ea9079,VERIFY,1,LOW,2026-02-28 23:40:17.018948+09,
d742d15d-f6ad-41fa-8168-76612b64f804,950,f9e9da44-2dc4-4b42-b69c-bb8106056e08,VERIFY,1,LOW,2026-02-28 23:54:57.63868+09,
968eacf0-3e92-48e7-9c86-2cb2d29c4704,950,14b7a5b0-97e2-4c14-91d3-b587443b6502,NORMAL,1,LOW,2026-03-01 00:02:51.105338+09,
6c1f9416-b5cc-4079-82ad-daa5e62e1490,948,9ebc125f-faa0-4070-bf4e-68155d0a67a6,VERIFY,1,LOW,2026-03-01 00:32:43.997124+09,
31a1a57e-cd0a-48c0-806d-bef4c94c9db9,948,7a24f166-80c3-4d27-8e88-993de85e319b,NORMAL,1,LOW,2026-03-01 01:09:44.61089+09,
8f8e7e90-140d-49b1-9929-ce592aab0f35,948,98cd5f9a-995d-4e33-b2dd-04884b96a464,NORMAL,1,LOW,2026-03-01 01:11:19.49246+09,
8435254b-8fb0-4dd6-818d-311abdf09320,943,04ab315f-67bb-4699-8f91-75d1aee45a01,NORMAL,1,LOW,2026-03-01 01:14:54.383258+09,
037f3b44-7ec7-4ecf-86f7-fc0ae98f169f,948,86336675-21ae-4f0f-89ba-f432ec58d08a,NORMAL,1,LOW,2026-03-01 01:36:50.867747+09,
13e4ae3b-43a5-443d-86ee-f2ce3f603203,948,42e04261-59ff-4e73-a8e8-0690cf8ac5a5,NORMAL,1,LOW,2026-03-01 01:38:02.38719+09,
e10ba15c-4e4c-4eeb-954a-6a3c1905c8f4,948,54d0c39c-9f8b-41d6-ba20-2cfe62a44f05,NORMAL,1,LOW,2026-03-01 01:38:59.524627+09,
2b1e5e8f-09d5-4f63-a47d-41a4808a0c60,943,879500ad-75d6-4c83-8888-19b3c133c994,VERIFY,1,LOW,2026-03-01 03:20:01.529306+09,
f5a522a2-3f24-4cfb-ba8e-feaee1dea800,951,15e8f3f3-b673-4e13-a6ea-56fad9f96a6f,NORMAL,1,LOW,2026-03-01 03:35:15.890891+09,
0fb96767-ed64-4118-92d3-31cca8a032f0,951,9750c6c4-b6f4-4c22-b572-87fc4fa08807,VERIFY,1,LOW,2026-03-01 03:49:30.597824+09,
30828677-cf2e-430d-b800-b305ee3db83a,951,c9dc970e-8a21-46d1-a107-2ac1ad3457ae,VERIFY,1,LOW,2026-03-01 03:51:33.037592+09,
159309e2-90ef-4a5f-84c8-debe97ac1883,951,a38e036d-ab88-4c9d-b91c-7252296aa534,VERIFY,1,LOW,2026-03-01 03:56:12.575373+09,
ff0e2a04-e7e1-4d53-af75-cfea1ebb3d70,952,0bb53939-de84-4ccb-9521-104046e2c816,NORMAL,1,LOW,2026-03-01 04:09:15.937406+09,
2407b2fa-d26e-404a-805f-032b5c73d8e5,948,77ae6424-a6be-45b0-8b9f-006a30939ec4,NORMAL,1,LOW,2026-03-01 04:16:04.355336+09,
1fd55f40-711a-4745-939e-09cac8122b38,952,7d6c687a-bdc4-40ea-8dc7-002e3ea92cff,VERIFY,1,LOW,2026-03-01 17:52:06.588412+09,
39294a75-9411-4540-a1d1-6ec8b6be0746,952,eeac519a-8594-44fb-90de-2ae2397c4928,NORMAL,1,LOW,2026-03-01 18:58:51.598755+09,
7687c3e5-3e62-482d-bcf2-eca350e45c82,952,953a3c32-44cd-4b7c-a4a6-1f1c3a166b1e,NORMAL,1,LOW,2026-03-01 19:00:01.045731+09,
61a99787-bcf8-4cc7-8f0b-5d3eae9afa6c,952,29803b0f-f66d-4ec3-846e-e44b54b3f993,VERIFY,1,LOW,2026-03-01 19:45:34.954378+09,
18c55100-e3c1-448c-bd2a-12540bb512df,948,17bcba31-17c8-4cac-9b1f-28290aec7cb6,VERIFY,1,LOW,2026-03-01 20:17:19.369171+09,
7be09b69-0196-4749-b117-b5ecf7695717,948,511b9135-ae96-4f6b-a34f-1c98e0fc9324,NORMAL,1,LOW,2026-03-01 20:23:07.158012+09,
32f49501-5287-4034-a979-cae594a0c6dc,948,cee667db-ccb8-450f-bcf8-2d6231706e31,VERIFY,1,LOW,2026-03-01 20:51:12.147122+09,
cf1033d4-9a17-4f18-988b-6584ca749565,948,a66a8988-90eb-4cfb-98d1-995ff885ac36,VERIFY,1,LOW,2026-03-01 21:33:26.099191+09,
29d52e64-1291-49d5-b2c3-c04ef851e8be,943,ec11819c-313c-4952-ad85-f90e95692357,NORMAL,1,LOW,2026-03-01 21:47:53.972765+09,
1739e744-5e70-4e59-bf86-782ceedcb3a4,943,39ace9fa-44b6-4dff-9548-d4691d06e40f,NORMAL,1,LOW,2026-03-01 21:50:31.627347+09,
5beaad52-b1f0-4e7d-a447-082707e3cf2b,943,3df20241-64d6-404d-b7ea-f9117b8661be,NORMAL,1,LOW,2026-03-01 21:51:57.348929+09,
13aeb0d4-8543-41d6-a768-7a9e3f91fd1b,943,3776bdf8-a05b-4272-9d9f-f89846236d60,VERIFY,1,LOW,2026-03-01 21:55:08.489077+09,
c185231d-3300-4df0-9a52-f1b97cd1e66e,943,4374507d-cd0b-4c66-8041-3b0506a01885,NORMAL,1,LOW,2026-03-01 22:37:31.290535+09,
c7590209-e834-4bfb-a079-77e42037151b,943,31ecfd5c-f938-484a-b346-01ea44e775ff,VERIFY,1,LOW,2026-03-01 22:50:41.89579+09,
3eef0194-e35e-4a48-be36-def1a7219429,943,ebf8bab9-6c2d-4a1d-b372-c2880a1c2348,NORMAL,1,LOW,2026-03-01 22:54:31.534809+09,
1da3d3d1-4938-4b53-8555-2c71fae6e334,943,b8680307-fdc2-4179-8a43-144e203afe22,NORMAL,1,LOW,2026-03-01 22:57:34.125167+09,
b2c89093-aa4a-4798-afab-e35aac9a1b73,943,9e464a1a-1723-4c57-8e68-28967e6ad017,NORMAL,1,LOW,2026-03-01 22:59:48.150643+09,
67aadaf4-3382-4665-8bdd-fcbd10391f29,949,eba8ca6c-7e47-4466-8223-bd0b239444ab,NORMAL,1,LOW,2026-03-01 23:29:20.550144+09,
6b88e477-9543-4ed2-9dd2-733f3b630cf4,949,34d83952-c6a3-484a-b86f-e99f1587a5c2,NORMAL,1,LOW,2026-03-01 23:35:04.924799+09,
8a05077e-e2da-499a-a8c5-2a00588f5b83,949,6539d5d4-50a7-479f-9186-7e312d1141f0,NORMAL,1,LOW,2026-03-01 23:38:25.363742+09,
f158df40-2327-4baf-92d7-ff9640cf48f0,950,1088a114-b8e8-4769-89f3-d56be3d0b691,VERIFY,1,LOW,2026-03-01 23:46:08.729737+09,
079069d1-1a3f-4309-9304-248837db3e33,950,8feee9a4-9991-4122-81b7-c8e89006df31,VERIFY,1,LOW,2026-03-02 00:11:18.909324+09,
a2c996b9-b134-419f-8a0a-a07c3d5fc5bf,953,dc1772d5-ba60-488f-b27c-b024b6bdb76f,NORMAL,1,LOW,2026-03-02 00:43:07.083875+09,
244d2cb1-ac22-40a2-83e2-fe476ac66237,953,b199b9b2-7c2c-41f0-9684-32059144ddf3,VERIFY,1,LOW,2026-03-02 01:23:43.534852+09,
f80872ca-f7f3-4c4f-9efc-a5a93d243d82,954,df41a453-8a7a-4f70-baae-868fb083165e,VERIFY,1,LOW,2026-03-02 02:12:09.088116+09,
3a65624c-3e42-4198-b0b3-29973ede0c7c,954,4de4325c-5737-4ad3-87b9-42f0be983752,VERIFY,1,LOW,2026-03-02 03:24:06.301305+09,
8d6a9597-9229-47c8-ae4c-205ec579d56f,954,e942790e-b971-4f45-a36d-fa784d7628e9,VERIFY,1,LOW,2026-03-02 04:24:05.445515+09,
8b4eb8be-815a-4972-bb5b-0ae9ce274b5d,954,a19dc3fd-d9d4-46b1-9aae-5536db9f01b3,NORMAL,1,LOW,2026-03-02 04:46:34.847735+09,
4574d2b5-932f-4345-b00f-af65ebf00624,954,21ce7ee6-05e4-4b89-a845-b939d69da9a1,VERIFY,1,LOW,2026-03-02 04:51:19.845878+09,
ccc9cc28-2189-483b-a552-4028e1c67374,954,aea6c5ed-8375-400a-898d-06df970088a9,NORMAL,1,LOW,2026-03-02 04:58:49.366664+09,
dc8e3bb9-8554-4f16-abf0-b2be01504089,955,ac902c7f-7ed3-4ecf-ab98-e45ad4a56799,VERIFY,1,LOW,2026-03-02 05:12:20.946071+09,
6d52b549-4609-4005-b184-e5e5dc360e25,955,a262915f-7280-41e9-bf05-c836b2bc30f0,NORMAL,1,LOW,2026-03-02 05:13:13.994742+09,
d36c59b0-688b-47a9-b282-4f251581d863,955,d5f3b086-83b4-4e1c-a5e4-510771f4a6a2,NORMAL,1,LOW,2026-03-02 05:13:23.903398+09,
cea3a751-bb53-4b91-9dd4-e67fe0f16de4,955,5f1b8155-8ea8-44b7-9a94-a405adfe03a0,NORMAL,1,LOW,2026-03-02 05:14:12.819678+09,
22c5d58f-9406-4a41-bd1a-d6f4c8dcb6a0,956,83e1b3a3-8f09-4995-a9e3-2849857b4ab6,NORMAL,1,LOW,2026-03-02 17:28:29.166334+09,
59dcf734-eb43-47f0-a656-0bbb195f1a8b,958,9e76803e-af4e-481f-8a0c-b3b497fb4fb3,VERIFY,1,LOW,2026-03-02 17:40:06.441552+09,
83cdedcd-e053-489e-a8d3-8260f49f55e4,958,b0860644-2a62-4d2a-9552-81ec0cb8c1dd,VERIFY,1,LOW,2026-03-02 18:19:56.52742+09,
32a5fa4f-00d1-42e8-bdf0-9a4b8b65a8ff,958,2acd481b-74be-45e6-941a-92a2b11118a5,NORMAL,1,LOW,2026-03-02 19:11:00.115469+09,
d87abd38-9ca6-4a2e-9d90-ceaac5be40c5,958,1f7b2ac3-3a21-4b1e-b4c5-111ba0fa3ea0,VERIFY,1,LOW,2026-03-02 19:13:38.241529+09,
6c40f482-b7b5-4059-8828-8445dd370aba,958,7b93c198-e52f-4ccf-9c64-483bb4e3a24a,NORMAL,1,LOW,2026-03-02 19:53:57.191972+09,
7d0608a1-5c3a-463b-af10-7acb05e54118,958,e9efd6e5-2a07-4000-9740-db07649a4023,VERIFY,1,LOW,2026-03-02 19:57:03.276908+09,
cb0f46aa-0162-44b7-ae75-febf52dd8d62,958,2442dc66-3fff-4d75-ae02-f6f57e274e96,VERIFY,1,LOW,2026-03-02 20:08:41.204176+09,
9299722f-75da-43f5-a51a-88717aadb43c,958,5c9bea1a-6cc3-458b-b446-3b3f077f066e,NORMAL,1,LOW,2026-03-02 20:14:35.311212+09,
049f5877-dafe-46f0-b1b2-f497eaff838d,958,8334859f-ceb0-49d0-85ad-f2a23672003e,VERIFY,1,LOW,2026-03-02 20:18:44.924341+09,
45f086ad-efd1-4f57-bc64-653c6d3e9b1d,958,c8c7b84f-63d8-4aaa-839d-15907b8ce195,VERIFY,1,LOW,2026-03-02 20:25:03.909885+09,
503318f4-0261-4258-a70d-36d3e3952b08,958,78ac239f-1d80-4b35-b239-b62b172f8d00,NORMAL,1,LOW,2026-03-02 20:41:32.374169+09,
d9f2475a-7a80-438b-95d0-902ff9ca6608,958,6318fb34-84b2-4906-868b-0d5a8ac7a4ce,VERIFY,1,LOW,2026-03-02 20:43:04.783649+09,
c12c6a34-bace-4a2e-b556-208397e65206,959,20fde637-5184-4bc2-9df4-e83b88ea814a,VERIFY,1,LOW,2026-03-02 21:38:23.681387+09,
b8876a73-ee23-485e-a71a-0cc43faf7c78,948,cf657a06-4e66-43a3-9cf7-8901e7b39d83,VERIFY,1,LOW,2026-03-03 01:11:29.918118+09,
8b30f0fe-df0e-44bf-ab84-c1b8b9528af6,959,0718be5d-168a-4257-996e-c5c38eddb992,VERIFY,1,LOW,2026-03-03 01:15:30.876017+09,
090a9f63-560b-49b9-82af-a5e993c637d3,878,9916d1de-7350-4f6a-bcf7-175c62e84cd3,NORMAL,1,LOW,2026-03-03 01:40:09.204033+09,
696cfa53-9a75-47d4-833c-948fc66c4d59,878,545545b0-96ae-439f-ac08-f32b066e5998,NORMAL,1,LOW,2026-03-03 02:14:47.671645+09,
901c3e61-a0a2-4498-90f7-3e0a6543f2a7,959,91f25b07-2b1d-4674-bd1f-1617b7528ee5,NORMAL,1,LOW,2026-03-03 04:11:02.996772+09,
6a5dcc1d-a9a8-4e0c-af25-2af122d45192,959,efdb0a5f-618a-4dab-be93-44978841b853,NORMAL,1,LOW,2026-03-03 04:12:53.714004+09,
68b21383-23e6-49da-a27e-bb0c798c6690,959,0f2d38bf-388c-4994-bfd4-de022773433e,NORMAL,1,LOW,2026-03-03 04:13:09.752536+09,
e284f212-e245-46be-b49c-975bedf061eb,960,a8631c95-2287-4ae2-9a6f-1674744d4bcc,NORMAL,1,LOW,2026-03-03 04:36:14.51991+09,
5258b6ea-b7c4-4fd0-b78b-ba148f9f3573,960,d8de68b3-9c87-4806-95dd-c0a64be4438a,VERIFY,1,LOW,2026-03-03 04:37:19.806599+09,
95b27bdf-001e-41d5-ba29-4144e3ab2214,958,1882dd17-3522-4a71-819d-49b7d4f17fc4,VERIFY,1,LOW,2026-03-03 04:40:02.470138+09,
8c4d5e3d-262b-4428-8297-bd8edd628a24,961,3ec4f497-3461-4ae6-b798-d5b5c3b30304,VERIFY,1,LOW,2026-03-03 09:36:32.497587+09,
a5d74e0f-e6a0-4df9-9225-3c3b5c0965d4,961,cedd5ca8-5c74-4230-9f1a-4eacf86235ea,NORMAL,1,LOW,2026-03-03 10:05:10.983397+09,
85959ebe-4a7f-4bb4-9679-bddff69edbef,962,a0df20f6-4615-489b-91c5-5f6f9abffa50,NORMAL,1,LOW,2026-03-03 10:10:05.342006+09,
d1cc181d-bb3c-44ba-a4ad-3d615bbc0c9f,962,00f836b8-4fc4-4ad1-ae74-41a902291126,NORMAL,1,LOW,2026-03-03 10:21:13.128436+09,
9312e8dd-baa6-473b-a564-164de3a01e95,964,96e0a3c1-e6d4-41a4-a93a-70b4a18f012a,VERIFY,1,LOW,2026-03-03 10:35:06.265242+09,
c042c18e-6a93-4764-b05b-414b3fe43de7,962,ab0115ec-2839-4dd6-b35b-ff4516a3fa1b,NORMAL,1,LOW,2026-03-03 11:08:43.069549+09,
f56be704-290a-478f-b4c6-aa4f1ec05944,965,e7e79432-3ea9-41cd-a5bc-2090c198b038,VERIFY,1,LOW,2026-03-03 11:09:43.245292+09,
bf3452e6-7579-4e94-9e4f-ca21827f79be,967,30f38298-e030-4d60-ad0d-c326d1d4d0b7,VERIFY,1,LOW,2026-03-03 11:29:32.394927+09,
28b21627-ae0d-4e2b-85ce-86c78f87b2a3,967,f8846224-7cd9-4cbe-8591-4474b8684b05,VERIFY,1,LOW,2026-03-03 11:34:10.067034+09,
163a126e-b05e-429d-89c0-7423c45e7905,969,c6c48ba9-586d-452b-9362-aa22df6878ef,NORMAL,1,LOW,2026-03-03 11:50:43.543027+09,
55b20fc6-aad5-4049-9aa0-19a05e694773,970,05b6bfa0-9536-458e-ae10-2978adb44540,NORMAL,1,LOW,2026-03-03 12:54:55.381968+09,
329af818-932f-4306-8e81-adcadc1d01e3,971,09d7a80c-ab63-486a-97e3-cb2fb25409be,VERIFY,1,LOW,2026-03-03 13:06:16.399125+09,
38ba675a-8bfe-464c-a720-a238c2a2000e,972,6155bb64-bf7f-4a18-9d64-1f0f9f51ac3f,VERIFY,1,LOW,2026-03-03 13:31:38.738713+09,
55d29d4d-e0ee-4462-b6f4-ebbab8425a48,948,45d94928-4df9-4c96-944e-d519ab2b6464,NORMAL,1,LOW,2026-03-03 13:49:25.794918+09,
d29b0948-538e-44cc-a7c4-951c608d16c3,973,b7aec73e-57bc-4a65-b204-bdf6050713a9,NORMAL,1,LOW,2026-03-03 13:52:30.107509+09,
d8eb5269-5099-4ac3-b938-521e96ba756d,974,4f00dea7-ea95-4be1-9293-4b6d832042c0,NORMAL,1,LOW,2026-03-03 13:57:02.396415+09,
4db82a06-ad25-4a8f-b0fc-4b68abdeace9,948,509cded3-9028-4e17-a874-eab82137f40b,NORMAL,1,LOW,2026-03-03 14:10:37.727363+09,
899c7aee-effb-4434-9b88-bcf47350374b,948,afe08891-6a79-4426-9983-e2787767937c,NORMAL,1,LOW,2026-03-03 14:19:23.60576+09,
60cf1792-81f6-4569-8f69-8140827bea20,974,e0489c17-d049-44e5-a600-7534ae7061ca,NORMAL,1,LOW,2026-03-03 14:25:20.045597+09,
0e336829-89f5-4324-88ca-fa040a93388c,974,76cc5454-3f90-4a6f-9a92-7c437a56227d,NORMAL,1,LOW,2026-03-03 14:26:18.631578+09,
02d2cd79-83f1-4c07-be2e-0da358f0170e,974,87ba5ecb-4776-4a87-a97b-90782a58399a,NORMAL,1,LOW,2026-03-03 14:27:27.88677+09,
f6d9301d-ea4a-4945-a720-ef1bbc65b482,974,8ff6755e-40c5-4260-ab49-9908d0360fe6,NORMAL,1,LOW,2026-03-03 14:30:59.815882+09,
9f71e823-7e03-4a3c-b0ce-b2266dbc5dea,974,75004076-4533-4cf9-9456-6c19a96c5da4,VERIFY,1,LOW,2026-03-03 14:38:33.782631+09,
81588964-5d19-42cc-b317-5801d2771229,974,2bf586de-ad43-407b-988e-55a0107e026c,NORMAL,1,LOW,2026-03-03 14:41:44.515319+09,
61a537b8-2f96-409b-932d-d7d9bdb268cd,974,f2325acf-17f5-4794-b62c-9006cbf704ad,NORMAL,1,LOW,2026-03-03 14:44:28.717601+09,
3660c9a7-afd0-48c1-af0f-da3d5d8bc79c,974,dae5690f-3c66-48f3-b13b-7a996ca00666,NORMAL,1,LOW,2026-03-03 14:45:21.68971+09,
28c875ce-612d-4726-a380-76e6e1f01f78,974,c3e89e7e-fcbe-4ced-a9ea-421d9ea428ca,NORMAL,1,LOW,2026-03-03 14:51:21.284951+09,
dc145b28-bd89-4bfe-a376-e8539ec18a6b,975,9a156ed0-9af8-436d-84d6-1a5891c59953,NORMAL,1,LOW,2026-03-03 14:54:10.714568+09,
68497059-bbf7-4812-bb40-55597412ff3c,948,cf148eb9-6333-494f-a5bc-a776fe3807f3,NORMAL,1,LOW,2026-03-03 15:08:49.565922+09,
c3c1cdbc-86a1-4fb5-9e92-0fba76306f92,948,97f2f0cc-48fd-4ebe-96f0-7b4a1fead18f,NORMAL,1,LOW,2026-03-03 15:27:50.318261+09,
d202ac6b-a2c1-43eb-9a9b-e40caf8adfb6,976,83a09e05-5c7b-4f9a-af84-c5f6d1b011d4,NORMAL,1,LOW,2026-03-03 16:11:42.315757+09,
3edd67be-9873-4dc7-b569-39f69e113eed,977,60c8d910-6d7d-4b27-ac72-fcdb62a9c7e8,NORMAL,1,LOW,2026-03-03 16:22:33.059828+09,
93dd9298-167e-4cf7-bcb4-c54c370e7cd6,978,0424732f-c6f2-4a1e-82d5-dc9d899b3ecd,VERIFY,1,LOW,2026-03-03 16:39:56.233366+09,
13bad182-f781-49b0-9d8e-f23e6316f4fe,979,51273126-f558-4390-bec9-942447de547f,VERIFY,1,LOW,2026-03-03 16:53:22.227227+09,
a56b41a3-9106-449d-bdfc-0f0328b4f846,980,22008778-d28a-4b2d-9a10-6dbe6a4efdab,VERIFY,1,LOW,2026-03-03 17:10:52.349697+09,
7a7fcbfc-7857-4f0e-89f5-8833cf51962c,981,c3546b4c-9db8-409a-ba3f-af438877297a,VERIFY,1,LOW,2026-03-03 17:25:16.170322+09,
7f5aa499-dafe-48d7-843f-b93d5219d8c9,981,58f04824-cca7-4570-9666-74135a7dea10,NORMAL,1,LOW,2026-03-03 18:10:48.18872+09,
a46ce8c2-1c14-46be-90c2-1cd2d61dcdcb,981,ff03f755-8c85-4daa-a449-535cc58a5756,NORMAL,1,LOW,2026-03-03 18:13:14.366904+09,
bb2ef23d-59e5-42c4-9532-1d777bd70ace,981,2bf10f79-fc6d-4bb1-a67f-626e6698c188,NORMAL,1,LOW,2026-03-03 18:14:34.24446+09,
cdbaaf0d-e79b-440d-86ff-1bce0e1b12b5,981,877b23f7-3ec7-412f-ba4b-f1e0cce8f7aa,NORMAL,1,LOW,2026-03-03 18:18:52.304344+09,
6ccb9dc4-dc87-4f47-88ca-1168235438c7,981,c4e6fc41-a541-4f88-8d09-278a3157eb63,NORMAL,1,LOW,2026-03-03 18:19:57.615978+09,
6aad8308-5858-470d-856b-80a43d502930,982,35c378c1-fe4d-4aa4-91cc-1b76b41957f2,VERIFY,1,LOW,2026-03-03 18:32:21.552798+09,
01d6d82f-bf04-4243-ab30-af9424efd448,979,d0bb57c6-f390-4e70-b0c3-e9262529641d,NORMAL,1,LOW,2026-03-03 19:07:41.867126+09,
22f56fda-a2ce-43a7-8360-25aba69b1f87,983,78669a53-9838-47dd-9a48-006304519092,NORMAL,1,LOW,2026-03-03 19:09:54.188173+09,
3bd49d0e-1907-4b0b-a574-296eee5f54ec,979,794c8242-4667-4fa9-887d-73572beaa343,VERIFY,1,LOW,2026-03-03 19:30:45.201293+09,
2b8e64ca-24fd-4eee-9409-f07ee26286df,981,01e619c6-0cb7-4fe7-a774-c1c93bec4228,VERIFY,1,LOW,2026-03-03 20:03:15.161906+09,
7b164bd1-b7b6-47d2-bad2-e3743b635ed0,979,be4f3d43-f9af-42b1-9ce2-a53ce5f36099,VERIFY,1,LOW,2026-03-03 20:46:56.71465+09,
cd00c344-4564-4a07-a9a4-63e41d43dc1a,984,3a80eeb3-4e79-49ed-83c5-49456f42f40d,VERIFY,1,LOW,2026-03-03 21:46:23.857559+09,
2912b896-224a-428b-b698-2a46833573e5,984,55b43a54-d51a-4582-92c6-9d536f4e8aeb,NORMAL,1,LOW,2026-03-03 22:06:05.729359+09,
09becb6a-55ad-40be-a0a9-6b6d38fbf858,984,24f832f2-7851-4f26-8498-c7b8082d2198,NORMAL,1,LOW,2026-03-03 22:21:16.465134+09,
d7947534-f3bf-4b33-bca2-b1dfd42b249f,984,db4cbc10-f332-4656-a8e3-277fd5521a5a,NORMAL,1,LOW,2026-03-03 22:24:04.697769+09,
6ea41ae5-0ab8-453f-98a2-b096e98d8068,984,66c8c42f-4d00-4893-8d57-4626ebc2b562,NORMAL,1,LOW,2026-03-03 22:25:24.416143+09,
cb63d7ba-c565-47e9-9016-3136a89b9126,984,4e665aad-e5c0-49e8-b98e-f00f0d98f7d6,VERIFY,1,LOW,2026-03-03 22:36:47.122287+09,
8c3ace46-9db2-4160-9f3d-a7d343bb491b,979,c6ee7b40-48b2-49fd-8d15-5357d9b6c381,NORMAL,1,LOW,2026-03-03 23:50:48.146725+09,
149f3e28-6b47-482e-8377-ff230772d15c,979,c48d0411-c460-46b6-a309-a73fef473217,NORMAL,1,LOW,2026-03-04 00:01:03.218456+09,
cdcfb486-49e7-4f6d-bcb9-c284e920bcbb,981,1391a564-3da5-4e91-9668-d49dbc573024,NORMAL,1,LOW,2026-03-04 10:43:14.18484+09,
e1195bc0-0d65-46b8-9f7c-3c4c386ae56a,986,4c5bd3dc-6fce-458f-aba4-92311cb8422c,VERIFY,1,LOW,2026-03-04 13:16:13.880263+09,
bd9ae3fd-3c42-4642-96b7-f19026133a00,987,aaa52b76-7483-439f-9f07-09ffe25f6c22,VERIFY,1,LOW,2026-03-04 14:49:13.946674+09,
09f533ab-5017-401b-ae07-0c6ffb7fad64,987,7e9ceed1-f9c2-4430-aa6b-028581afeeec,VERIFY,1,LOW,2026-03-04 14:55:23.416166+09,
b95a7cb2-be96-470d-9347-0b099eadb701,988,6a56d4e3-68e8-4490-bfa2-39fcdd97564b,NORMAL,1,LOW,2026-03-04 14:58:54.916255+09,
6468ab1e-9a5a-4857-821e-e42e7466235b,987,9bb2dc5a-56ef-451e-a779-b87826577ff1,NORMAL,1,LOW,2026-03-04 15:35:03.749853+09,
381be747-4a3e-44aa-8b6e-8672ba7f78cf,987,cdeb0289-29c6-403d-bb98-37abcb3e3186,NORMAL,1,LOW,2026-03-04 15:40:57.906939+09,
eea0e51c-add5-4195-846e-ea255f02772a,990,3cdd4700-b7a3-4091-917c-0cd307f8003d,VERIFY,1,LOW,2026-03-04 18:01:33.538971+09,
6d14355a-5158-4cd1-b8c2-b0e8ba73c80c,990,9c41d7b3-4702-4f53-9f77-cfdb73762dd8,NORMAL,1,LOW,2026-03-04 18:14:43.463621+09,
5c1e12af-365e-47f5-b811-8c201bd59cd1,872,59bef836-eb8b-43a2-984e-812742d2cccd,NORMAL,1,LOW,2026-03-04 19:52:53.986695+09,
182ed884-9e9b-409b-87ac-f36f04fd1bb4,987,56221caf-5df1-4795-8feb-3fdae766989c,NORMAL,1,LOW,2026-03-04 21:25:41.618367+09,
7b1798d8-3335-4110-a3d9-a1cc5b00e7e3,988,a1a3904c-7dc7-46f4-840c-c12d8ae2660e,NORMAL,1,LOW,2026-03-05 13:53:48.09623+09,
78ae45f5-2598-4293-a53f-a1c9c3740345,987,ca9b5534-c597-42a9-a8cd-dc15193defba,NORMAL,1,LOW,2026-03-05 13:55:02.785613+09,
7c83fe7d-922b-4e66-a771-5de69cb41ecb,987,4ac574ec-80c0-4d94-a780-9e89904620e4,NORMAL,1,LOW,2026-03-05 13:56:50.199259+09,
30a3b83b-1bd2-4c8d-8061-0b2292137345,991,4d552385-91ca-4959-bb4b-12843d343643,NORMAL,1,LOW,2026-03-05 21:10:33.32709+09,
5394959e-292b-4026-ad8e-8a2347954903,992,b9b1420a-c739-4acf-b3d3-2c1af7b7dc98,NORMAL,1,LOW,2026-03-05 21:16:24.038976+09,
0881c838-0454-439d-944d-2db6bd7a900c,992,e97db1b0-033a-4265-a102-ac73937a0f1c,NORMAL,1,LOW,2026-03-05 21:16:55.33359+09,
21e26c9a-9aa2-4862-b4de-48c4c85992e4,992,933b8b87-31d1-4bd1-ad40-f2a5f7e1fd6f,NORMAL,1,LOW,2026-03-05 21:17:41.705373+09,
28c62f4b-836b-422f-b287-3202b5e4a8e8,992,63001f92-709a-4914-bf67-56409277ff12,NORMAL,1,LOW,2026-03-05 21:20:46.928485+09,
3509fff0-70e7-4db1-87a9-769039dd9d09,992,9f85b0dc-a2fe-40eb-9672-88aa35b3b7b2,NORMAL,1,LOW,2026-03-05 21:24:27.912671+09,
70265ba2-f268-445e-a91d-e88c22e6e1ce,995,fe0ab88e-cc4a-4658-ac7a-871b7db7b4fb,NORMAL,1,LOW,2026-03-06 06:19:21.443428+09,
05c40e42-2be6-41e8-ab86-536659d2af5a,995,e446f12c-76aa-4a5a-b4d0-3cd494cd5979,NORMAL,1,LOW,2026-03-06 06:21:31.77641+09,
08352d19-8772-4b06-82ff-0ce88f39d627,995,c4db8515-f986-4c3a-9b7a-dae3b6b3c9a2,NORMAL,1,LOW,2026-03-06 06:23:52.303175+09,
b9fcd5bc-a9f7-42a2-884b-224e896f391e,997,66cf9b3c-9daa-43ba-8b1f-409d26f1c632,NORMAL,1,LOW,2026-03-06 08:31:54.45895+09,
f3a8de34-b5a2-4b35-b2a6-9cdcb23e3613,997,8c1f2c9d-e3e6-47ce-a786-c384fd24e540,NORMAL,1,LOW,2026-03-06 21:57:03.126993+09,
51568885-5201-4c25-bbdc-dd14981c1e13,998,6262723d-f401-42fd-a0bc-29c66ddbd9d1,NORMAL,1,LOW,2026-03-06 22:06:30.490311+09,
b9be65f1-e777-4ef2-858f-2da807ab363b,999,bfa0ac8e-f66f-4e67-9255-86db02aa6ef3,NORMAL,1,LOW,2026-03-06 22:46:54.233542+09,
ff1ab9da-ce65-4ddb-90b0-58cf0d4fd3bb,999,56bcc0b2-afa7-4c7b-9fe5-a8803f6d49c8,VERIFY,1,LOW,2026-03-06 22:47:22.329253+09,
ede936dc-c838-4706-b84a-b2be43f1f524,999,2969fb7a-0c4a-45fa-89c2-745493409afd,NORMAL,1,LOW,2026-03-06 23:08:12.898785+09,
90c10d17-61e1-4e34-a489-1658888e29a6,999,3eda0f4a-596d-4edf-a8ef-5777750173b6,NORMAL,1,LOW,2026-03-06 23:13:42.06593+09,
95df9bfa-cc47-46e1-92d6-19828a853c1b,999,bd46ec07-e874-461e-845c-cb5f7d2f3983,NORMAL,1,LOW,2026-03-06 23:30:13.256746+09,
b396f787-c19f-4c0f-96cb-500110989b74,999,91e59d59-ee96-4a33-98eb-6e6ed65ffa88,VERIFY,1,LOW,2026-03-06 23:31:53.302281+09,
e51365fb-75ed-4bd9-98fa-3240f5b47c3a,999,672a9511-d1d5-429c-adab-bf5fba76a977,NORMAL,1,LOW,2026-03-06 23:38:27.606598+09,
39eea7c2-813d-4d73-9372-e46a003c8fd1,999,9dc23217-f36b-4d56-aa55-cc1ccc92fc64,NORMAL,1,LOW,2026-03-06 23:42:45.802773+09,
3b5845a4-027c-437b-aaf5-d19ce4a7b5b9,999,778e515b-cf47-45c4-be5d-d09484d836cd,NORMAL,1,LOW,2026-03-06 23:45:13.501764+09,
16dcb581-a738-45cf-b804-25c75a940f38,999,b3eeed26-2554-4989-bda9-dfbe1bd20ba6,NORMAL,1,LOW,2026-03-06 23:57:47.064312+09,
7edf2e29-667c-4048-a7a3-0e2fa096bcc7,999,92d23ae5-af88-4a50-9a42-22f6846a753d,NORMAL,1,LOW,2026-03-07 00:35:38.843928+09,
f9ebed4f-6049-4353-b585-506099a5bbe8,998,c222159e-0749-4a8a-92f0-885ca2361764,NORMAL,1,LOW,2026-03-07 00:51:11.76484+09,
83486d3f-4fc3-448d-ae67-d04ca241a22a,999,224471aa-76c2-4049-83b4-d2901c4008df,NORMAL,1,LOW,2026-03-07 01:05:17.28702+09,
ca5f8a7b-a39b-4d28-9693-b2e736961d5f,1001,e48bc1c8-c2c8-41f6-8e27-2bcca639da74,NORMAL,1,LOW,2026-03-07 01:36:25.997636+09,
d7076e1b-699a-47df-b6f3-df4cb22e0a2b,1000,c434f1f2-b295-4220-9160-b905491a41cf,NORMAL,1,LOW,2026-03-07 01:37:04.156311+09,
ff80296b-4f8b-4bff-aab5-16966eaee0b1,1002,8f37e9d7-8237-41b9-aa25-70029a3bc7f3,NORMAL,1,LOW,2026-03-07 01:39:20.438268+09,
d549a147-5c1f-438d-bae0-500ee4c4b702,1004,451b27d5-8968-457e-a1a2-5bec22b10bd7,NORMAL,1,LOW,2026-03-07 01:41:52.761575+09,
5f30a443-52d3-4229-b1bb-4d67482cdec7,1002,7fab08c7-b6c1-46e6-9c93-eb8a4324af26,VERIFY,1,LOW,2026-03-07 01:59:43.071549+09,
44f9d64f-fb99-4632-8d75-c27dee605c11,1004,ce1e7243-a2b4-4268-9fbd-32694dc422bd,NORMAL,1,LOW,2026-03-07 02:09:02.573688+09,
c0cf4dcf-1cc6-426f-a50e-c9100f65eaa6,1004,55963865-d5e2-47c9-b091-c40d37782b8e,NORMAL,1,LOW,2026-03-07 02:56:15.622776+09,
1dcba729-9a27-410f-8cc6-8d7059601c65,995,4fc85c4d-e277-444a-ad8f-00087615173d,NORMAL,1,LOW,2026-03-07 03:10:36.676981+09,
ce8c72de-366a-4520-8e32-fcff3ff0f971,1006,3156877f-69d9-4526-98d1-3d16f2625ebd,NORMAL,1,LOW,2026-03-07 03:25:55.376635+09,
fa10ca22-6f05-4371-bf8f-a4bc8031d577,1006,467768d0-7ff6-49e4-9777-66c74465dc8a,NORMAL,1,LOW,2026-03-07 03:32:35.723944+09,
7ce0afba-1def-4764-ad6b-03089b33820e,1006,66f4c5ed-a90a-4a21-b975-07523fb522ae,NORMAL,1,LOW,2026-03-07 03:44:57.821309+09,
af8331d4-c587-4eb1-a606-a3c7677cf952,995,3eaecc99-589c-4657-87b8-1d7a9e38ee58,NORMAL,1,LOW,2026-03-07 03:46:22.201615+09,
ec5c8b29-da8b-4b9b-9144-2b35be0cd5b4,995,5eceab30-303e-4633-8cb5-34b5d2ec1eb6,NORMAL,1,LOW,2026-03-07 03:50:10.067725+09,
eed5e0a6-36cb-47dc-9622-93c50c798efa,1006,0791c193-5510-4041-8e7b-6695e0cb4e74,NORMAL,1,LOW,2026-03-07 04:02:40.708409+09,
5bfc8d40-d58b-4df1-9b87-e8ec46e3f1e7,995,37fa8510-5544-47bb-bba5-f3b99e1e5510,VERIFY,1,LOW,2026-03-07 04:03:56.866978+09,
55e8ec75-d1ce-448a-ac8d-fd23eb9f8f71,995,8beccf70-31ab-43c0-92aa-3a67d0f346e9,NORMAL,1,LOW,2026-03-07 04:05:03.698583+09,
4159d9dc-47ab-4560-b704-fc1c5f613651,1004,2ee02419-b9b8-4857-bced-81b0af477597,NORMAL,1,LOW,2026-03-07 04:06:38.563373+09,
b77e0433-10b3-46ff-b37b-e4603bbdfb25,1007,1b6b2bb0-c178-49a6-a584-fbe8ad2894c3,NORMAL,1,LOW,2026-03-07 09:09:14.044785+09,
0d5e3d87-3b83-4fe6-99ec-822b4ab52c51,1007,37fb5f43-2d1c-41ed-be18-362f6fdde1ad,NORMAL,1,LOW,2026-03-07 09:10:08.550984+09,
e5788f2d-f947-48d4-9cc2-c87ad9410e10,1004,bc58a358-32e4-4872-bed2-a4e0bc91a23d,NORMAL,1,LOW,2026-03-08 01:06:38.628136+09,
2763b4b8-9d1b-4282-a8c8-681dda72a402,1004,b1cc3aaf-4aeb-4507-924c-673a41b9a136,NORMAL,1,LOW,2026-03-08 01:13:20.268896+09,
367e449b-d4e4-4d54-93cf-23cae0869244,1004,474c4c6a-9c15-4f09-ae66-5c10a1ea319a,NORMAL,1,LOW,2026-03-08 01:17:21.066261+09,
5e399dd8-fb1a-4444-adef-e4b4d9aef285,1008,12601709-8ed1-4c19-89f4-e759198e168a,NORMAL,1,LOW,2026-03-08 01:25:14.817012+09,
1b052ae7-167b-429b-8956-8210d2a5afb8,1008,1244b510-afa6-4f9e-935b-5be9308c95b7,NORMAL,1,LOW,2026-03-08 01:25:19.568353+09,
481da6d2-5e54-4caa-9d55-4a7a04f6cec1,1008,d5b70f5d-7dc0-496b-a677-9244965ffcfb,NORMAL,1,LOW,2026-03-08 01:25:47.085233+09,
d8bd6247-2abc-4c29-a6d9-9a39ca512303,1008,5b7818f8-370a-43bd-b55c-79184e30ff9c,NORMAL,1,LOW,2026-03-08 01:29:48.993743+09,
25de3e6e-3a27-4f6f-aeaa-f2517fc59b50,1004,402f3a82-6416-433a-a9cc-a552224807fb,NORMAL,1,LOW,2026-03-08 01:43:53.376571+09,
9456509e-d489-4720-8175-91f1dc02c01b,1009,3d7a6957-f21b-4960-9c9a-ea7374b6ad8d,NORMAL,1,LOW,2026-03-08 01:48:51.820972+09,
5af7bf62-2cfe-4636-a69a-c5f1961cade8,1009,548ef0b2-a283-4ec4-8f57-d94212ded6d9,NORMAL,1,LOW,2026-03-08 01:49:09.399046+09,
171817fa-62c0-453f-99e1-50e642028aaa,1009,40eaef61-fc14-4488-87b1-910569d6a562,NORMAL,1,LOW,2026-03-08 01:49:19.653984+09,
978868d0-4b00-42d8-b925-59762c6a5be7,1009,2c0e7ef1-972d-4c11-a1d1-bcfd269c73e3,NORMAL,1,LOW,2026-03-08 01:49:30.963647+09,
328d8088-2d6f-46a7-853d-91f366864f05,1009,b5f46b5f-f8a2-41bc-88ca-20e714fdf190,NORMAL,1,LOW,2026-03-08 01:50:05.097069+09,
34238421-0945-46d4-b390-ba229aa1a620,1010,1b6aabe5-b4e7-42c8-a1d4-915eac38c649,NORMAL,1,LOW,2026-03-08 02:04:56.437858+09,
4842d03b-08ab-4d7a-ae87-17fb67addd49,1010,b3fec398-fb9b-4881-9751-4c40d95cd067,NORMAL,1,LOW,2026-03-08 02:07:05.174453+09,
359f40d6-35f2-4176-a6f2-7855fd532d4c,1011,4db77464-4893-414c-8cd5-dd6a9b8f55ca,NORMAL,1,LOW,2026-03-08 02:09:27.400304+09,
bce4db23-11c3-4cce-8855-4db3de3fadd9,1012,f77af283-dee0-4d76-bb71-a2bad96b3cf4,NORMAL,1,LOW,2026-03-08 02:10:22.095893+09,
85c2dcc4-45fc-4f19-b834-d1b37390c54a,1011,8cab41ce-bc61-4f6d-a675-caa951735d8a,NORMAL,1,LOW,2026-03-08 02:12:03.389684+09,
5684a023-3629-4e9d-9389-09bf12935e2b,1013,1be114e1-4a18-42a4-9bb8-7c14be202d97,NORMAL,1,LOW,2026-03-08 02:16:41.392242+09,
47760adc-c05c-470c-b4fb-ad37d085b289,1014,4d6a3359-7e72-42dd-8438-6f145fe1cce3,NORMAL,1,LOW,2026-03-08 02:17:58.254819+09,
d69a4303-5fe5-4a14-833a-d6a4a816cb15,1004,6869a288-c7a0-4f06-a1dd-56a0b5ef3215,NORMAL,1,LOW,2026-03-08 07:15:10.385108+09,
0a6b758c-2ad2-4fa0-a0dc-5f5ba3088eed,1011,559fb645-3b3e-420c-b05d-ff6f770b47e7,NORMAL,1,LOW,2026-03-08 10:11:44.322854+09,
1ff1882a-024a-484a-8de5-b2811e0e9edb,1004,a7ae7a36-8c5c-443f-9c5c-31b68d0df1cb,NORMAL,1,LOW,2026-03-08 10:12:54.881817+09,
c84c9ce8-6e65-4397-a8e7-b5cdf7b236eb,1004,14e21e35-b883-4b17-ad96-1defca140c30,NORMAL,1,LOW,2026-03-08 10:28:02.490184+09,
23f73ffa-c2e2-4469-bee2-6bd6bed9034d,1004,facae7a0-99e4-4f4b-ac21-a08e6874c5c7,NORMAL,1,LOW,2026-03-08 10:30:58.158314+09,
68f010f9-a1bc-4f88-b0c0-0018794a2016,1004,440af76a-abe4-4eea-b725-96a9a561cf9c,VERIFY,1,LOW,2026-03-08 11:05:52.05645+09,
2584fab5-84d3-46e9-abc9-adaf16795910,1004,f605d6bd-31fc-4889-9c7d-5599112327ab,NORMAL,1,LOW,2026-03-08 11:08:12.560534+09,
b8c01edb-569f-4840-8a8e-05e408d7efcb,1004,8ce0f4c6-6186-4f77-8255-14feb72dcf1f,NORMAL,1,LOW,2026-03-08 11:10:43.110813+09,
a9cea28b-f08e-4ed4-bfcd-6bd95e32993f,1004,39f25b1f-de3e-4083-af67-25973fb666a6,NORMAL,1,LOW,2026-03-08 11:19:10.622671+09,
6fc22ce3-1aa6-4967-9c3f-499e9638a662,1004,50002a78-53f2-4060-92eb-72b686a50205,NORMAL,1,LOW,2026-03-08 11:53:38.593761+09,
20902cb0-427e-4444-b7b1-a9f63b5e3562,1004,448b5c30-ba88-48cd-9eb5-442d1f699230,NORMAL,1,LOW,2026-03-08 12:37:51.280492+09,
5c3cc302-bbe9-4021-be0f-a35a247c830e,1004,36551687-c7e8-4634-afda-a3cb00ca1d64,NORMAL,1,LOW,2026-03-08 16:37:56.748893+09,
a684cf30-3325-4eb6-a12d-91de2083f9e4,1004,ffe8607b-f94d-4952-ac6b-fc414e180d24,NORMAL,1,LOW,2026-03-08 17:51:08.016416+09,
1d5f6cf2-4a65-4ec6-9d42-83f1ff3f07b3,1004,a7dd8f46-2605-4a67-b59e-56989ae7a6c8,NORMAL,1,LOW,2026-03-08 18:57:18.281616+09,
04f7c8bf-5823-40de-901e-711189a752fa,1000,dccfc301-eac1-4c62-87d0-837356b324e7,NORMAL,1,LOW,2026-03-08 19:10:58.382336+09,
607516f9-c73f-4c10-9acb-50e2770fddc4,1018,b06b869e-2edb-4fa9-8733-aef9bb5f4e97,NORMAL,1,LOW,2026-03-08 21:23:57.838622+09,
21b2f2cc-129c-4063-b597-8c7efe962e6d,1019,2de95118-b906-450c-b550-ca528481c4c5,NORMAL,1,LOW,2026-03-08 21:25:11.98013+09,
85cc51f9-a95b-4ad5-b859-b8036f68f2a8,1019,bf0220b4-4623-43ad-8bb6-282d827029b9,NORMAL,1,LOW,2026-03-08 21:25:39.141942+09,
23fb4875-83ad-425e-b687-0ed69f592fbc,1019,c15be151-3488-4da9-b8ae-5bfdf9ce3a7d,VERIFY,1,LOW,2026-03-08 21:26:04.763673+09,
4119a851-d20a-4f43-a01e-b645382cc25f,1019,0b986859-9629-44d3-adbe-a475ec4f9a43,NORMAL,1,LOW,2026-03-08 21:36:12.605036+09,
1b325fc7-b404-44da-ab59-9069266c1539,1004,d74fe8ab-c0dd-4dce-a8b5-41c5d6d69935,NORMAL,1,LOW,2026-03-08 21:36:19.529859+09,
430628b0-aeb3-4b2d-b3d8-b3a7f718ada8,1019,5854aad0-c64f-4612-8f0c-64bedfbfb69c,VERIFY,1,LOW,2026-03-08 21:40:57.049466+09,
06820908-4842-4e55-bc61-31928b85dc94,1019,b0e570fa-243a-4a5f-8b18-d3836f281346,NORMAL,1,LOW,2026-03-08 21:45:53.087038+09,
f559a974-a8b0-4421-80ee-20e9b4915414,1004,fc8d009f-cfcf-431c-b426-b1e6e7975f38,NORMAL,1,LOW,2026-03-08 22:33:50.213464+09,
9830609b-5a45-4980-a248-5e239942ba74,1004,d5487e79-bcf9-4565-afa5-e899c49127d9,NORMAL,1,LOW,2026-03-08 22:35:55.767478+09,
309547e3-b3aa-4e81-98a3-9d3847e41f93,1004,03c4a82d-f11f-48ea-a29c-c32ed365bf5d,NORMAL,1,LOW,2026-03-08 22:36:58.96433+09,
7fcd42d7-1f55-4baf-8e7a-9a02557c2db2,1004,1f50bc5e-9b91-4299-aff7-497d77943776,NORMAL,1,LOW,2026-03-08 22:56:26.959121+09,
dc720942-dad7-4b9f-bad6-dddd4e5004fa,1004,6ca80a00-7593-49f5-8737-2afbe4a571e6,NORMAL,1,LOW,2026-03-08 22:59:52.986173+09,
b8760365-0679-4ca9-a176-0f44df44dfee,1004,2d11e5da-ea98-43ae-a92d-be07e0c19a39,NORMAL,1,LOW,2026-03-08 23:00:42.731792+09,
a03ea66c-06ad-4984-9edc-bba43821deed,1004,3f2b169b-7bc1-48a6-b839-5c52ac5d8129,NORMAL,1,LOW,2026-03-08 23:01:40.885726+09,
70b37a7a-954a-4259-84d0-2ff5733dd7f4,1004,622da0f9-0115-44e8-b681-bf3a4f586067,NORMAL,1,LOW,2026-03-08 23:03:19.673557+09,
cc2448c9-c756-444a-9a2e-e6931dfa68a3,1004,6e07668b-a613-41f7-9016-6d48e0bc2b2a,NORMAL,1,LOW,2026-03-08 23:06:03.519525+09,
1cf85303-939b-4c11-86da-bd4f77b448a0,1004,58f40707-a074-479f-9c0d-e0aee9f6badb,NORMAL,1,LOW,2026-03-08 23:07:34.518308+09,
42fdb9dc-7e8d-41ba-87e3-d1363d0ac718,1004,2aa6fc8a-70d3-4db1-b3e9-5bbb197b21b0,NORMAL,1,LOW,2026-03-08 23:12:25.317438+09,
8790bda2-4169-48b5-b21f-b60d97aa0539,1004,cf8e16c0-0a9f-4ae4-82b0-e7de39332832,VERIFY,1,LOW,2026-03-08 23:15:04.98082+09,
ec33cf04-eb29-40d5-ae78-bd2703096e8c,1004,ca1aa5d1-eee4-4aa3-9998-2a2299a543d3,NORMAL,1,LOW,2026-03-08 23:17:33.258344+09,
e7116e91-4f30-455a-ac40-1b06fa49dfbc,1004,565d1fc3-82d7-4b15-a82c-0d298a770d4d,NORMAL,1,LOW,2026-03-08 23:50:55.236141+09,
1eff1ace-936e-496e-96eb-2659c29e24c1,1004,219ce30b-e51d-47a6-84e3-9342e6775bd5,NORMAL,1,LOW,2026-03-09 00:25:32.248129+09,
3a7b6b2b-c2df-44cb-baf1-bffec651844c,1004,7aca8417-4f03-4f02-a9c4-d559000993ab,NORMAL,1,LOW,2026-03-09 00:26:41.984236+09,
55e09edf-66ca-4101-9a81-535ade50e6a5,1021,64e7fbb0-9e56-42a9-abc7-80ade35d9547,NORMAL,1,LOW,2026-03-09 13:57:35.253549+09,
bc68ec54-91c7-485e-bfb7-f566875b5082,1022,e0cc58ab-e19e-444d-9c73-f85d42bda84b,NORMAL,1,LOW,2026-03-09 13:58:08.219205+09,
1f3e90d7-a197-4e1a-9cda-2b1575932836,1023,b1ee4e21-dac3-4d36-a2b2-9535ca9aeff0,NORMAL,1,LOW,2026-03-09 13:58:41.44068+09,
fa8be1c5-0bd6-4088-8471-4ab83dc2dcc1,1025,1e3280ec-f327-4b91-ba1a-9937a30f0e19,NORMAL,1,LOW,2026-03-09 13:59:15.672854+09,
a11aba0f-4531-4197-9e48-520bb3cb5c5d,1026,750da5e1-8521-431f-9ac7-435d6ae1e8fd,NORMAL,1,LOW,2026-03-09 13:59:43.344488+09,
ba8ed3b0-f4cf-4a38-bc7c-1ca0c90eeb9a,1004,896e5e33-36a5-44d4-9a03-a2c440fa3a2c,NORMAL,1,LOW,2026-03-09 14:43:35.925729+09,
7a0b015a-3908-4c70-9d35-c90ee18413e1,1004,e84caabf-bbf3-4c6b-be42-9b1822fea62a,NORMAL,1,LOW,2026-03-09 14:47:38.121586+09,
36d22e08-f1ea-44d1-bef3-66a1958d0fa6,1004,350ec20d-542f-47c5-8337-a2323ff2efbc,NORMAL,1,LOW,2026-03-09 14:49:22.799615+09,
ed811bba-744f-49a0-b3d4-cd3c99d5ddc3,1004,e543be4d-a92c-4ce4-8984-16a1cb7f82c3,NORMAL,1,LOW,2026-03-09 14:50:45.942107+09,
f27695d4-3986-4b7a-94ee-40aae1cccafa,1004,099acd5f-ca7b-43fc-a747-2770233c1002,NORMAL,1,LOW,2026-03-09 15:46:59.251068+09,
af91a95d-df20-4249-b75c-d68d7bd8db11,1007,c38ee536-7bad-44bd-af47-e475c9795d5c,NORMAL,1,LOW,2026-03-09 17:27:04.341903+09,
2d11bc31-ffe1-4171-90e0-366143c8a7f4,1004,baf6844d-98ea-4626-a813-437b1e068b3b,NORMAL,1,LOW,2026-03-09 18:09:28.545897+09,
f1bd0f16-8446-44d4-b8b8-488efbfab2a4,1004,605b8341-5001-454c-b5a3-f4e810b16494,NORMAL,1,LOW,2026-03-09 18:10:12.212374+09,
fa255104-2ab3-4f5a-b87d-3250a3d1b400,1004,7c41b303-9469-4230-9032-07befa70321a,NORMAL,1,LOW,2026-03-10 10:59:41.145231+09,
ec10d2cc-bd82-441e-8aa8-91a9874a2673,1004,95cd8e9e-4e7d-4013-a9dd-d32f5ac02966,VERIFY,1,LOW,2026-03-10 11:37:06.231202+09,
298b236f-cb61-49ce-8109-6079e139838a,1004,9a16c628-5a62-440e-b853-7add9afd4456,NORMAL,1,LOW,2026-03-10 13:37:47.634737+09,
d4143856-4e06-431b-a8a0-fb0ce9a92de0,1000,a85c2e0a-0b6b-4213-b631-b361ff13125b,NORMAL,1,LOW,2026-03-10 17:32:05.371224+09,
9a9974e1-7d1f-4929-8e98-6e21514f8e6d,1002,a7e7f44a-55bb-4800-88c9-f0a7562125f9,NORMAL,1,LOW,2026-03-16 13:54:16.783047+09,
